email,nivel_idioma,renda_media,escolaridade_categoria,profissao_categoria,fala_outro_idioma_categoria,motivo_fluencia_espanhol_categoria,lancamentos,data_inscricao
leadA_0@email.com,Avançado,Mais de 10.000,Pós-graduação completa,Administrativo,Inglês Intermediário ou Avançado,Quero viajar e viver experiências marcantes me comunicando melhor,L1-25,2025-04-01 00:00:00
leadA_1@email.com,Avançado,Mais de 10.000,Pós-graduação completa,Administrativo,Inglês Intermediário ou Avançado,Quero viajar e viver experiências marcantes me comunicando melhor,L1-25,2025-04-01 01:00:00
leadA_2@email.com,Avançado,Mais de 10.000,Pós-graduação completa,Administrativo,Inglês Intermediário ou Avançado,Quero viajar e viver experiências marcantes me comunicando melhor,L2-25,2025-04-01 02:00:00
leadA_3@email.com,Avançado,Mais de 10.000,Pós-graduação completa,Administrativo,Inglês Intermediário ou Avançado,Quero viajar e viver experiências marcantes me comunicando melhor,L2-25,2025-04-01 03:00:00
leadA_4@email.com,Avançado,Mais de 10.000,Pós-graduação completa,Administrativo,Inglês Intermediário ou Avançado,Quero viajar e viver experiências marcantes me comunicando melhor,L2-25,2025-04-01 04:00:00
leadA_5@email.com,Avançado,Mais de 10.000,Pós-graduação completa,Administrativo,Inglês Intermediário ou Avançado,Quero viajar e viver experiências marcantes me comunicando melhor,L2-25,2025-04-01 05:00:00
leadA_6@email.com,Avançado,Mais de 10.000,Pós-graduação completa,Administrativo,Inglês Intermediário ou Avançado,Quero viajar e viver experiências marcantes me comunicando melhor,L1-25,2025-04-01 06:00:00
leadA_7@email.com,Avançado,Mais de 10.000,Pós-graduação completa,Administrativo,Inglês Intermediário ou Avançado,Quero viajar e viver experiências marcantes me comunicando melhor,L1-25,2025-04-01 07:00:00
leadA_8@email.com,Avançado,Mais de 10.000,Pós-graduação completa,Administrativo,Inglês Intermediário ou Avançado,Quero viajar e viver experiências marcantes me comunicando melhor,L2-25,2025-04-01 08:00:00
leadA_9@email.com,Avançado,Mais de 10.000,Pós-graduação completa,Administrativo,Inglês Intermediário ou Avançado,Quero viajar e viver experiências marcantes me comunicando melhor,L1-25,2025-04-01 09:00:00
leadA_10@email.com,Avançado,Mais de 10.000,Pós-graduação completa,Administrativo,Inglês Intermediário ou Avançado,Quero viajar e viver experiências marcantes me comunicando melhor,L2-25,2025-04-01 10:00:00
leadA_11@email.com,Avançado,Mais de 10.000,Pós-graduação completa,Administrativo,Inglês Intermediário ou Avançado,Quero viajar e viver experiências marcantes me comunicando melhor,L2-25,2025-04-01 11:00:00
leadA_12@email.com,Avançado,Mais de 10.000,Pós-graduação completa,Administrativo,Inglês Intermediário ou Avançado,Quero viajar e viver experiências marcantes me comunicando melhor,L1-25,2025-04-01 12:00:00
leadA_13@email.com,Avançado,Mais de 10.000,Pós-graduação completa,Administrativo,Inglês Intermediário ou Avançado,Quero viajar e viver experiências marcantes me comunicando melhor,L2-25,2025-04-01 13:00:00
leadA_14@email.com,Avançado,Mais de 10.000,Pós-graduação completa,Administrativo,Inglês Intermediário ou Avançado,Quero viajar e viver experiências marcantes me comunicando melhor,L2-25,2025-04-01 14:00:00
leadA_15@email.com,Avançado,Mais de 10.000,Pós-graduação completa,Administrativo,Inglês Intermediário ou Avançado,Quero viajar e viver experiências marcantes me comunicando melhor,L1-25,2025-04-01 15:00:00
leadA_16@email.com,Avançado,Mais de 10.000,Pós-graduação completa,Administrativo,Inglês Intermediário ou Avançado,Quero viajar e viver experiências marcantes me comunicando melhor,L2-25,2025-04-01 16:00:00
leadA_17@email.com,Avançado,Mais de 10.000,Pós-graduação completa,Administrativo,Inglês Intermediário ou Avançado,Quero viajar e viver experiências marcantes me comunicando melhor,L2-25,2025-04-01 17:00:00
leadA_18@email.com,Avançado,Mais de 10.000,Pós-graduação completa,Administrativo,Inglês Intermediário ou Avançado,Quero viajar e viver experiências marcantes me comunicando melhor,L1-25,2025-04-01 18:00:00
leadA_19@email.com,Avançado,Mais de 10.000,Pós-graduação completa,Administrativo,Inglês Intermediário ou Avançado,Quero viajar e viver experiências marcantes me comunicando melhor,L2-25,2025-04-01 19:00:00
leadA_20@email.com,Avançado,Mais de 10.000,Pós-graduação completa,Administrativo,Inglês Intermediário ou Avançado,Quero viajar e viver experiências marcantes me comunicando melhor,L1-25,2025-04-01 20:00:00
leadA_21@email.com,Avançado,Mais de 10.000,Pós-graduação completa,Administrativo,Inglês Intermediário ou Avançado,Quero viajar e viver experiências marcantes me comunicando melhor,L2-25,2025-04-01 21:00:00
leadA_22@email.com,Avançado,Mais de 10.000,Pós-graduação completa,Administrativo,Inglês Intermediário ou Avançado,Quero viajar e viver experiências marcantes me comunicando melhor,L1-25,2025-04-01 22:00:00
leadA_23@email.com,Avançado,Mais de 10.000,Pós-graduação completa,Administrativo,Inglês Intermediário ou Avançado,Quero viajar e viver experiências marcantes me comunicando melhor,L1-25,2025-04-01 23:00:00
leadA_24@email.com,Avançado,Mais de 10.000,Pós-graduação completa,Administrativo,Inglês Intermediário ou Avançado,Quero viajar e viver experiências marcantes me comunicando melhor,L1-25,2025-04-02 00:00:00
leadA_25@email.com,Avançado,Mais de 10.000,Pós-graduação completa,Administrativo,Inglês Intermediário ou Avançado,Quero viajar e viver experiências marcantes me comunicando melhor,L2-25,2025-04-02 01:00:00
leadA_26@email.com,Avançado,Mais de 10.000,Pós-graduação completa,Administrativo,Inglês Intermediário ou Avançado,Quero viajar e viver experiências marcantes me comunicando melhor,L1-25,2025-04-02 02:00:00
leadA_27@email.com,Avançado,Mais de 10.000,Pós-graduação completa,Administrativo,Inglês Intermediário ou Avançado,Quero viajar e viver experiências marcantes me comunicando melhor,L1-25,2025-04-02 03:00:00
leadA_28@email.com,Avançado,Mais de 10.000,Pós-graduação completa,Administrativo,Inglês Intermediário ou Avançado,Quero viajar e viver experiências marcantes me comunicando melhor,L1-25,2025-04-02 04:00:00
leadA_29@email.com,Avançado,Mais de 10.000,Pós-graduação completa,Administrativo,Inglês Intermediário ou Avançado,Quero viajar e viver experiências marcantes me comunicando melhor,L1-25,2025-04-02 05:00:00
leadA_30@email.com,Avançado,Mais de 10.000,Pós-graduação completa,Administrativo,Inglês Intermediário ou Avançado,Quero viajar e viver experiências marcantes me comunicando melhor,L1-25,2025-04-02 06:00:00
leadA_31@email.com,Avançado,Mais de 10.000,Pós-graduação completa,Administrativo,Inglês Intermediário ou Avançado,Quero viajar e viver experiências marcantes me comunicando melhor,L2-25,2025-04-02 07:00:00
leadA_32@email.com,Avançado,Mais de 10.000,Pós-graduação completa,Administrativo,Inglês Intermediário ou Avançado,Quero viajar e viver experiências marcantes me comunicando melhor,L2-25,2025-04-02 08:00:00
leadA_33@email.com,Avançado,Mais de 10.000,Pós-graduação completa,Administrativo,Inglês Intermediário ou Avançado,Quero viajar e viver experiências marcantes me comunicando melhor,L2-25,2025-04-02 09:00:00
leadA_34@email.com,Avançado,Mais de 10.000,Pós-graduação completa,Administrativo,Inglês Intermediário ou Avançado,Quero viajar e viver experiências marcantes me comunicando melhor,L2-25,2025-04-02 10:00:00
leadA_35@email.com,Avançado,Mais de 10.000,Pós-graduação completa,Administrativo,Inglês Intermediário ou Avançado,Quero viajar e viver experiências marcantes me comunicando melhor,L2-25,2025-04-02 11:00:00
leadA_36@email.com,Avançado,Mais de 10.000,Pós-graduação completa,Administrativo,Inglês Intermediário ou Avançado,Quero viajar e viver experiências marcantes me comunicando melhor,L2-25,2025-04-02 12:00:00
leadA_37@email.com,Avançado,Mais de 10.000,Pós-graduação completa,Administrativo,Inglês Intermediário ou Avançado,Quero viajar e viver experiências marcantes me comunicando melhor,L2-25,2025-04-02 13:00:00
leadA_38@email.com,Avançado,Mais de 10.000,Pós-graduação completa,Administrativo,Inglês Intermediário ou Avançado,Quero viajar e viver experiências marcantes me comunicando melhor,L1-25,2025-04-02 14:00:00
leadA_39@email.com,Avançado,Mais de 10.000,Pós-graduação completa,Administrativo,Inglês Intermediário ou Avançado,Quero viajar e viver experiências marcantes me comunicando melhor,L2-25,2025-04-02 15:00:00
leadA_40@email.com,Avançado,Mais de 10.000,Pós-graduação completa,Administrativo,Inglês Intermediário ou Avançado,Quero viajar e viver experiências marcantes me comunicando melhor,L1-25,2025-04-02 16:00:00
leadA_41@email.com,Avançado,Mais de 10.000,Pós-graduação completa,Administrativo,Inglês Intermediário ou Avançado,Quero viajar e viver experiências marcantes me comunicando melhor,L1-25,2025-04-02 17:00:00
leadA_42@email.com,Avançado,Mais de 10.000,Pós-graduação completa,Administrativo,Inglês Intermediário ou Avançado,Quero viajar e viver experiências marcantes me comunicando melhor,L2-25,2025-04-02 18:00:00
leadA_43@email.com,Avançado,Mais de 10.000,Pós-graduação completa,Administrativo,Inglês Intermediário ou Avançado,Quero viajar e viver experiências marcantes me comunicando melhor,L1-25,2025-04-02 19:00:00
leadA_44@email.com,Avançado,Mais de 10.000,Pós-graduação completa,Administrativo,Inglês Intermediário ou Avançado,Quero viajar e viver experiências marcantes me comunicando melhor,L1-25,2025-04-02 20:00:00
leadA_45@email.com,Avançado,Mais de 10.000,Pós-graduação completa,Administrativo,Inglês Intermediário ou Avançado,Quero viajar e viver experiências marcantes me comunicando melhor,L1-25,2025-04-02 21:00:00
leadA_46@email.com,Avançado,Mais de 10.000,Pós-graduação completa,Administrativo,Inglês Intermediário ou Avançado,Quero viajar e viver experiências marcantes me comunicando melhor,L1-25,2025-04-02 22:00:00
leadA_47@email.com,Avançado,Mais de 10.000,Pós-graduação completa,Administrativo,Inglês Intermediário ou Avançado,Quero viajar e viver experiências marcantes me comunicando melhor,L2-25,2025-04-02 23:00:00
leadA_48@email.com,Avançado,Mais de 10.000,Pós-graduação completa,Administrativo,Inglês Intermediário ou Avançado,Quero viajar e viver experiências marcantes me comunicando melhor,L2-25,2025-04-03 00:00:00
leadA_49@email.com,Avançado,Mais de 10.000,Pós-graduação completa,Administrativo,Inglês Intermediário ou Avançado,Quero viajar e viver experiências marcantes me comunicando melhor,L2-25,2025-04-03 01:00:00
leadA_50@email.com,Avançado,Mais de 10.000,Pós-graduação completa,Administrativo,Inglês Intermediário ou Avançado,Quero viajar e viver experiências marcantes me comunicando melhor,L2-25,2025-04-03 02:00:00
leadA_51@email.com,Avançado,Mais de 10.000,Pós-graduação completa,Administrativo,Inglês Intermediário ou Avançado,Quero viajar e viver experiências marcantes me comunicando melhor,L2-25,2025-04-03 03:00:00
leadA_52@email.com,Avançado,Mais de 10.000,Pós-graduação completa,Administrativo,Inglês Intermediário ou Avançado,Quero viajar e viver experiências marcantes me comunicando melhor,L2-25,2025-04-03 04:00:00
leadA_53@email.com,Avançado,Mais de 10.000,Pós-graduação completa,Administrativo,Inglês Intermediário ou Avançado,Quero viajar e viver experiências marcantes me comunicando melhor,L2-25,2025-04-03 05:00:00
leadA_54@email.com,Avançado,Mais de 10.000,Pós-graduação completa,Administrativo,Inglês Intermediário ou Avançado,Quero viajar e viver experiências marcantes me comunicando melhor,L2-25,2025-04-03 06:00:00
leadA_55@email.com,Avançado,Mais de 10.000,Pós-graduação completa,Administrativo,Inglês Intermediário ou Avançado,Quero viajar e viver experiências marcantes me comunicando melhor,L2-25,2025-04-03 07:00:00
leadA_56@email.com,Avançado,Mais de 10.000,Pós-graduação completa,Administrativo,Inglês Intermediário ou Avançado,Quero viajar e viver experiências marcantes me comunicando melhor,L2-25,2025-04-03 08:00:00
leadA_57@email.com,Avançado,Mais de 10.000,Pós-graduação completa,Administrativo,Inglês Intermediário ou Avançado,Quero viajar e viver experiências marcantes me comunicando melhor,L1-25,2025-04-03 09:00:00
leadA_58@email.com,Avançado,Mais de 10.000,Pós-graduação completa,Administrativo,Inglês Intermediário ou Avançado,Quero viajar e viver experiências marcantes me comunicando melhor,L2-25,2025-04-03 10:00:00
leadA_59@email.com,Avançado,Mais de 10.000,Pós-graduação completa,Administrativo,Inglês Intermediário ou Avançado,Quero viajar e viver experiências marcantes me comunicando melhor,L1-25,2025-04-03 11:00:00
leadA_60@email.com,Avançado,Mais de 10.000,Pós-graduação completa,Administrativo,Inglês Intermediário ou Avançado,Quero viajar e viver experiências marcantes me comunicando melhor,L1-25,2025-04-03 12:00:00
leadA_61@email.com,Avançado,Mais de 10.000,Pós-graduação completa,Administrativo,Inglês Intermediário ou Avançado,Quero viajar e viver experiências marcantes me comunicando melhor,L1-25,2025-04-03 13:00:00
leadA_62@email.com,Avançado,Mais de 10.000,Pós-graduação completa,Administrativo,Inglês Intermediário ou Avançado,Quero viajar e viver experiências marcantes me comunicando melhor,L1-25,2025-04-03 14:00:00
leadA_63@email.com,Avançado,Mais de 10.000,Pós-graduação completa,Administrativo,Inglês Intermediário ou Avançado,Quero viajar e viver experiências marcantes me comunicando melhor,L2-25,2025-04-03 15:00:00
leadA_64@email.com,Avançado,Mais de 10.000,Pós-graduação completa,Administrativo,Inglês Intermediário ou Avançado,Quero viajar e viver experiências marcantes me comunicando melhor,L1-25,2025-04-03 16:00:00
leadA_65@email.com,Avançado,Mais de 10.000,Pós-graduação completa,Administrativo,Inglês Intermediário ou Avançado,Quero viajar e viver experiências marcantes me comunicando melhor,L2-25,2025-04-03 17:00:00
leadA_66@email.com,Avançado,Mais de 10.000,Pós-graduação completa,Administrativo,Inglês Intermediário ou Avançado,Quero viajar e viver experiências marcantes me comunicando melhor,L2-25,2025-04-03 18:00:00
leadA_67@email.com,Avançado,Mais de 10.000,Pós-graduação completa,Administrativo,Inglês Intermediário ou Avançado,Quero viajar e viver experiências marcantes me comunicando melhor,L1-25,2025-04-03 19:00:00
leadA_68@email.com,Avançado,Mais de 10.000,Pós-graduação completa,Administrativo,Inglês Intermediário ou Avançado,Quero viajar e viver experiências marcantes me comunicando melhor,L2-25,2025-04-03 20:00:00
leadA_69@email.com,Avançado,Mais de 10.000,Pós-graduação completa,Administrativo,Inglês Intermediário ou Avançado,Quero viajar e viver experiências marcantes me comunicando melhor,L1-25,2025-04-03 21:00:00
leadA_70@email.com,Avançado,Mais de 10.000,Pós-graduação completa,Administrativo,Inglês Intermediário ou Avançado,Quero viajar e viver experiências marcantes me comunicando melhor,L1-25,2025-04-03 22:00:00
leadA_71@email.com,Avançado,Mais de 10.000,Pós-graduação completa,Administrativo,Inglês Intermediário ou Avançado,Quero viajar e viver experiências marcantes me comunicando melhor,L2-25,2025-04-03 23:00:00
leadA_72@email.com,Avançado,Mais de 10.000,Pós-graduação completa,Administrativo,Inglês Intermediário ou Avançado,Quero viajar e viver experiências marcantes me comunicando melhor,L2-25,2025-04-04 00:00:00
leadA_73@email.com,Avançado,Mais de 10.000,Pós-graduação completa,Administrativo,Inglês Intermediário ou Avançado,Quero viajar e viver experiências marcantes me comunicando melhor,L1-25,2025-04-04 01:00:00
leadA_74@email.com,Avançado,Mais de 10.000,Pós-graduação completa,Administrativo,Inglês Intermediário ou Avançado,Quero viajar e viver experiências marcantes me comunicando melhor,L2-25,2025-04-04 02:00:00
leadA_75@email.com,Avançado,Mais de 10.000,Pós-graduação completa,Administrativo,Inglês Intermediário ou Avançado,Quero viajar e viver experiências marcantes me comunicando melhor,L2-25,2025-04-04 03:00:00
leadA_76@email.com,Avançado,Mais de 10.000,Pós-graduação completa,Administrativo,Inglês Intermediário ou Avançado,Quero viajar e viver experiências marcantes me comunicando melhor,L2-25,2025-04-04 04:00:00
leadA_77@email.com,Avançado,Mais de 10.000,Pós-graduação completa,Administrativo,Inglês Intermediário ou Avançado,Quero viajar e viver experiências marcantes me comunicando melhor,L1-25,2025-04-04 05:00:00
leadA_78@email.com,Avançado,Mais de 10.000,Pós-graduação completa,Administrativo,Inglês Intermediário ou Avançado,Quero viajar e viver experiências marcantes me comunicando melhor,L1-25,2025-04-04 06:00:00
leadA_79@email.com,Avançado,Mais de 10.000,Pós-graduação completa,Administrativo,Inglês Intermediário ou Avançado,Quero viajar e viver experiências marcantes me comunicando melhor,L2-25,2025-04-04 07:00:00
leadA_80@email.com,Avançado,Mais de 10.000,Pós-graduação completa,Administrativo,Inglês Intermediário ou Avançado,Quero viajar e viver experiências marcantes me comunicando melhor,L2-25,2025-04-04 08:00:00
leadA_81@email.com,Avançado,Mais de 10.000,Pós-graduação completa,Administrativo,Inglês Intermediário ou Avançado,Quero viajar e viver experiências marcantes me comunicando melhor,L2-25,2025-04-04 09:00:00
leadA_82@email.com,Avançado,Mais de 10.000,Pós-graduação completa,Administrativo,Inglês Intermediário ou Avançado,Quero viajar e viver experiências marcantes me comunicando melhor,L2-25,2025-04-04 10:00:00
leadA_83@email.com,Avançado,Mais de 10.000,Pós-graduação completa,Administrativo,Inglês Intermediário ou Avançado,Quero viajar e viver experiências marcantes me comunicando melhor,L2-25,2025-04-04 11:00:00
leadA_84@email.com,Avançado,Mais de 10.000,Pós-graduação completa,Administrativo,Inglês Intermediário ou Avançado,Quero viajar e viver experiências marcantes me comunicando melhor,L1-25,2025-04-04 12:00:00
leadA_85@email.com,Avançado,Mais de 10.000,Pós-graduação completa,Administrativo,Inglês Intermediário ou Avançado,Quero viajar e viver experiências marcantes me comunicando melhor,L2-25,2025-04-04 13:00:00
leadA_86@email.com,Avançado,Mais de 10.000,Pós-graduação completa,Administrativo,Inglês Intermediário ou Avançado,Quero viajar e viver experiências marcantes me comunicando melhor,L1-25,2025-04-04 14:00:00
leadA_87@email.com,Avançado,Mais de 10.000,Pós-graduação completa,Administrativo,Inglês Intermediário ou Avançado,Quero viajar e viver experiências marcantes me comunicando melhor,L2-25,2025-04-04 15:00:00
leadA_88@email.com,Avançado,Mais de 10.000,Pós-graduação completa,Administrativo,Inglês Intermediário ou Avançado,Quero viajar e viver experiências marcantes me comunicando melhor,L1-25,2025-04-04 16:00:00
leadA_89@email.com,Avançado,Mais de 10.000,Pós-graduação completa,Administrativo,Inglês Intermediário ou Avançado,Quero viajar e viver experiências marcantes me comunicando melhor,L2-25,2025-04-04 17:00:00
leadA_90@email.com,Avançado,Mais de 10.000,Pós-graduação completa,Administrativo,Inglês Intermediário ou Avançado,Quero viajar e viver experiências marcantes me comunicando melhor,L1-25,2025-04-04 18:00:00
leadA_91@email.com,Avançado,Mais de 10.000,Pós-graduação completa,Administrativo,Inglês Intermediário ou Avançado,Quero viajar e viver experiências marcantes me comunicando melhor,L2-25,2025-04-04 19:00:00
leadA_92@email.com,Avançado,Mais de 10.000,Pós-graduação completa,Administrativo,Inglês Intermediário ou Avançado,Quero viajar e viver experiências marcantes me comunicando melhor,L1-25,2025-04-04 20:00:00
leadA_93@email.com,Avançado,Mais de 10.000,Pós-graduação completa,Administrativo,Inglês Intermediário ou Avançado,Quero viajar e viver experiências marcantes me comunicando melhor,L1-25,2025-04-04 21:00:00
leadA_94@email.com,Avançado,Mais de 10.000,Pós-graduação completa,Administrativo,Inglês Intermediário ou Avançado,Quero viajar e viver experiências marcantes me comunicando melhor,L1-25,2025-04-04 22:00:00
leadA_95@email.com,Avançado,Mais de 10.000,Pós-graduação completa,Administrativo,Inglês Intermediário ou Avançado,Quero viajar e viver experiências marcantes me comunicando melhor,L1-25,2025-04-04 23:00:00
leadA_96@email.com,Avançado,Mais de 10.000,Pós-graduação completa,Administrativo,Inglês Intermediário ou Avançado,Quero viajar e viver experiências marcantes me comunicando melhor,L1-25,2025-04-05 00:00:00
leadA_97@email.com,Avançado,Mais de 10.000,Pós-graduação completa,Administrativo,Inglês Intermediário ou Avançado,Quero viajar e viver experiências marcantes me comunicando melhor,L1-25,2025-04-05 01:00:00
leadA_98@email.com,Avançado,Mais de 10.000,Pós-graduação completa,Administrativo,Inglês Intermediário ou Avançado,Quero viajar e viver experiências marcantes me comunicando melhor,L2-25,2025-04-05 02:00:00
leadA_99@email.com,Avançado,Mais de 10.000,Pós-graduação completa,Administrativo,Inglês Intermediário ou Avançado,Quero viajar e viver experiências marcantes me comunicando melhor,L1-25,2025-04-05 03:00:00
leadD_100@email.com,Iniciante,Até 1.500,Fundamental completo,Desempregado,Não Fala Outro Idioma,Gosto do idioma e quero aprender por hobby,L3-24,2025-04-05 04:00:00
leadD_101@email.com,Iniciante,Até 1.500,Fundamental completo,Desempregado,Não Fala Outro Idioma,Gosto do idioma e quero aprender por hobby,L3-24,2025-04-05 05:00:00
leadD_102@email.com,Iniciante,Até 1.500,Fundamental completo,Desempregado,Não Fala Outro Idioma,Gosto do idioma e quero aprender por hobby,L3-24,2025-04-05 06:00:00
leadD_103@email.com,Iniciante,Até 1.500,Fundamental completo,Desempregado,Não Fala Outro Idioma,Gosto do idioma e quero aprender por hobby,L3-24,2025-04-05 07:00:00
leadD_104@email.com,Iniciante,Até 1.500,Fundamental completo,Desempregado,Não Fala Outro Idioma,Gosto do idioma e quero aprender por hobby,L3-24,2025-04-05 08:00:00
leadD_105@email.com,Iniciante,Até 1.500,Fundamental completo,Desempregado,Não Fala Outro Idioma,Gosto do idioma e quero aprender por hobby,L3-24,2025-04-05 09:00:00
leadD_106@email.com,Iniciante,Até 1.500,Fundamental completo,Desempregado,Não Fala Outro Idioma,Gosto do idioma e quero aprender por hobby,L3-24,2025-04-05 10:00:00
leadD_107@email.com,Iniciante,Até 1.500,Fundamental completo,Desempregado,Não Fala Outro Idioma,Gosto do idioma e quero aprender por hobby,L3-24,2025-04-05 11:00:00
leadD_108@email.com,Iniciante,Até 1.500,Fundamental completo,Desempregado,Não Fala Outro Idioma,Gosto do idioma e quero aprender por hobby,L3-24,2025-04-05 12:00:00
leadD_109@email.com,Iniciante,Até 1.500,Fundamental completo,Desempregado,Não Fala Outro Idioma,Gosto do idioma e quero aprender por hobby,L3-24,2025-04-05 13:00:00
leadD_110@email.com,Iniciante,Até 1.500,Fundamental completo,Desempregado,Não Fala Outro Idioma,Gosto do idioma e quero aprender por hobby,L3-24,2025-04-05 14:00:00
leadD_111@email.com,Iniciante,Até 1.500,Fundamental completo,Desempregado,Não Fala Outro Idioma,Gosto do idioma e quero aprender por hobby,L3-24,2025-04-05 15:00:00
leadD_112@email.com,Iniciante,Até 1.500,Fundamental completo,Desempregado,Não Fala Outro Idioma,Gosto do idioma e quero aprender por hobby,L3-24,2025-04-05 16:00:00
leadD_113@email.com,Iniciante,Até 1.500,Fundamental completo,Desempregado,Não Fala Outro Idioma,Gosto do idioma e quero aprender por hobby,L3-24,2025-04-05 17:00:00
leadD_114@email.com,Iniciante,Até 1.500,Fundamental completo,Desempregado,Não Fala Outro Idioma,Gosto do idioma e quero aprender por hobby,L3-24,2025-04-05 18:00:00
leadD_115@email.com,Iniciante,Até 1.500,Fundamental completo,Desempregado,Não Fala Outro Idioma,Gosto do idioma e quero aprender por hobby,L3-24,2025-04-05 19:00:00
leadD_116@email.com,Iniciante,Até 1.500,Fundamental completo,Desempregado,Não Fala Outro Idioma,Gosto do idioma e quero aprender por hobby,L3-24,2025-04-05 20:00:00
leadD_117@email.com,Iniciante,Até 1.500,Fundamental completo,Desempregado,Não Fala Outro Idioma,Gosto do idioma e quero aprender por hobby,L3-24,2025-04-05 21:00:00
leadD_118@email.com,Iniciante,Até 1.500,Fundamental completo,Desempregado,Não Fala Outro Idioma,Gosto do idioma e quero aprender por hobby,L3-24,2025-04-05 22:00:00
leadD_119@email.com,Iniciante,Até 1.500,Fundamental completo,Desempregado,Não Fala Outro Idioma,Gosto do idioma e quero aprender por hobby,L3-24,2025-04-05 23:00:00
leadD_120@email.com,Iniciante,Até 1.500,Fundamental completo,Desempregado,Não Fala Outro Idioma,Gosto do idioma e quero aprender por hobby,L3-24,2025-04-06 00:00:00
leadD_121@email.com,Iniciante,Até 1.500,Fundamental completo,Desempregado,Não Fala Outro Idioma,Gosto do idioma e quero aprender por hobby,L3-24,2025-04-06 01:00:00
leadD_122@email.com,Iniciante,Até 1.500,Fundamental completo,Desempregado,Não Fala Outro Idioma,Gosto do idioma e quero aprender por hobby,L3-24,2025-04-06 02:00:00
leadD_123@email.com,Iniciante,Até 1.500,Fundamental completo,Desempregado,Não Fala Outro Idioma,Gosto do idioma e quero aprender por hobby,L3-24,2025-04-06 03:00:00
leadD_124@email.com,Iniciante,Até 1.500,Fundamental completo,Desempregado,Não Fala Outro Idioma,Gosto do idioma e quero aprender por hobby,L3-24,2025-04-06 04:00:00
leadD_125@email.com,Iniciante,Até 1.500,Fundamental completo,Desempregado,Não Fala Outro Idioma,Gosto do idioma e quero aprender por hobby,L3-24,2025-04-06 05:00:00
leadD_126@email.com,Iniciante,Até 1.500,Fundamental completo,Desempregado,Não Fala Outro Idioma,Gosto do idioma e quero aprender por hobby,L3-24,2025-04-06 06:00:00
leadD_127@email.com,Iniciante,Até 1.500,Fundamental completo,Desempregado,Não Fala Outro Idioma,Gosto do idioma e quero aprender por hobby,L3-24,2025-04-06 07:00:00
leadD_128@email.com,Iniciante,Até 1.500,Fundamental completo,Desempregado,Não Fala Outro Idioma,Gosto do idioma e quero aprender por hobby,L3-24,2025-04-06 08:00:00
leadD_129@email.com,Iniciante,Até 1.500,Fundamental completo,Desempregado,Não Fala Outro Idioma,Gosto do idioma e quero aprender por hobby,L3-24,2025-04-06 09:00:00
leadD_130@email.com,Iniciante,Até 1.500,Fundamental completo,Desempregado,Não Fala Outro Idioma,Gosto do idioma e quero aprender por hobby,L3-24,2025-04-06 10:00:00
leadD_131@email.com,Iniciante,Até 1.500,Fundamental completo,Desempregado,Não Fala Outro Idioma,Gosto do idioma e quero aprender por hobby,L3-24,2025-04-06 11:00:00
leadD_132@email.com,Iniciante,Até 1.500,Fundamental completo,Desempregado,Não Fala Outro Idioma,Gosto do idioma e quero aprender por hobby,L3-24,2025-04-06 12:00:00
leadD_133@email.com,Iniciante,Até 1.500,Fundamental completo,Desempregado,Não Fala Outro Idioma,Gosto do idioma e quero aprender por hobby,L3-24,2025-04-06 13:00:00
leadD_134@email.com,Iniciante,Até 1.500,Fundamental completo,Desempregado,Não Fala Outro Idioma,Gosto do idioma e quero aprender por hobby,L3-24,2025-04-06 14:00:00
leadD_135@email.com,Iniciante,Até 1.500,Fundamental completo,Desempregado,Não Fala Outro Idioma,Gosto do idioma e quero aprender por hobby,L3-24,2025-04-06 15:00:00
leadD_136@email.com,Iniciante,Até 1.500,Fundamental completo,Desempregado,Não Fala Outro Idioma,Gosto do idioma e quero aprender por hobby,L3-24,2025-04-06 16:00:00
leadD_137@email.com,Iniciante,Até 1.500,Fundamental completo,Desempregado,Não Fala Outro Idioma,Gosto do idioma e quero aprender por hobby,L3-24,2025-04-06 17:00:00
leadD_138@email.com,Iniciante,Até 1.500,Fundamental completo,Desempregado,Não Fala Outro Idioma,Gosto do idioma e quero aprender por hobby,L3-24,2025-04-06 18:00:00
leadD_139@email.com,Iniciante,Até 1.500,Fundamental completo,Desempregado,Não Fala Outro Idioma,Gosto do idioma e quero aprender por hobby,L3-24,2025-04-06 19:00:00
leadD_140@email.com,Iniciante,Até 1.500,Fundamental completo,Desempregado,Não Fala Outro Idioma,Gosto do idioma e quero aprender por hobby,L3-24,2025-04-06 20:00:00
leadD_141@email.com,Iniciante,Até 1.500,Fundamental completo,Desempregado,Não Fala Outro Idioma,Gosto do idioma e quero aprender por hobby,L3-24,2025-04-06 21:00:00
leadD_142@email.com,Iniciante,Até 1.500,Fundamental completo,Desempregado,Não Fala Outro Idioma,Gosto do idioma e quero aprender por hobby,L3-24,2025-04-06 22:00:00
leadD_143@email.com,Iniciante,Até 1.500,Fundamental completo,Desempregado,Não Fala Outro Idioma,Gosto do idioma e quero aprender por hobby,L3-24,2025-04-06 23:00:00
leadD_144@email.com,Iniciante,Até 1.500,Fundamental completo,Desempregado,Não Fala Outro Idioma,Gosto do idioma e quero aprender por hobby,L3-24,2025-04-07 00:00:00
leadD_145@email.com,Iniciante,Até 1.500,Fundamental completo,Desempregado,Não Fala Outro Idioma,Gosto do idioma e quero aprender por hobby,L3-24,2025-04-07 01:00:00
leadD_146@email.com,Iniciante,Até 1.500,Fundamental completo,Desempregado,Não Fala Outro Idioma,Gosto do idioma e quero aprender por hobby,L3-24,2025-04-07 02:00:00
leadD_147@email.com,Iniciante,Até 1.500,Fundamental completo,Desempregado,Não Fala Outro Idioma,Gosto do idioma e quero aprender por hobby,L3-24,2025-04-07 03:00:00
leadD_148@email.com,Iniciante,Até 1.500,Fundamental completo,Desempregado,Não Fala Outro Idioma,Gosto do idioma e quero aprender por hobby,L3-24,2025-04-07 04:00:00
leadD_149@email.com,Iniciante,Até 1.500,Fundamental completo,Desempregado,Não Fala Outro Idioma,Gosto do idioma e quero aprender por hobby,L3-24,2025-04-07 05:00:00
leadD_150@email.com,Iniciante,Até 1.500,Fundamental completo,Desempregado,Não Fala Outro Idioma,Gosto do idioma e quero aprender por hobby,L3-24,2025-04-07 06:00:00
leadD_151@email.com,Iniciante,Até 1.500,Fundamental completo,Desempregado,Não Fala Outro Idioma,Gosto do idioma e quero aprender por hobby,L3-24,2025-04-07 07:00:00
leadD_152@email.com,Iniciante,Até 1.500,Fundamental completo,Desempregado,Não Fala Outro Idioma,Gosto do idioma e quero aprender por hobby,L3-24,2025-04-07 08:00:00
leadD_153@email.com,Iniciante,Até 1.500,Fundamental completo,Desempregado,Não Fala Outro Idioma,Gosto do idioma e quero aprender por hobby,L3-24,2025-04-07 09:00:00
leadD_154@email.com,Iniciante,Até 1.500,Fundamental completo,Desempregado,Não Fala Outro Idioma,Gosto do idioma e quero aprender por hobby,L3-24,2025-04-07 10:00:00
leadD_155@email.com,Iniciante,Até 1.500,Fundamental completo,Desempregado,Não Fala Outro Idioma,Gosto do idioma e quero aprender por hobby,L3-24,2025-04-07 11:00:00
leadD_156@email.com,Iniciante,Até 1.500,Fundamental completo,Desempregado,Não Fala Outro Idioma,Gosto do idioma e quero aprender por hobby,L3-24,2025-04-07 12:00:00
leadD_157@email.com,Iniciante,Até 1.500,Fundamental completo,Desempregado,Não Fala Outro Idioma,Gosto do idioma e quero aprender por hobby,L3-24,2025-04-07 13:00:00
leadD_158@email.com,Iniciante,Até 1.500,Fundamental completo,Desempregado,Não Fala Outro Idioma,Gosto do idioma e quero aprender por hobby,L3-24,2025-04-07 14:00:00
leadD_159@email.com,Iniciante,Até 1.500,Fundamental completo,Desempregado,Não Fala Outro Idioma,Gosto do idioma e quero aprender por hobby,L3-24,2025-04-07 15:00:00
leadD_160@email.com,Iniciante,Até 1.500,Fundamental completo,Desempregado,Não Fala Outro Idioma,Gosto do idioma e quero aprender por hobby,L3-24,2025-04-07 16:00:00
leadD_161@email.com,Iniciante,Até 1.500,Fundamental completo,Desempregado,Não Fala Outro Idioma,Gosto do idioma e quero aprender por hobby,L3-24,2025-04-07 17:00:00
leadD_162@email.com,Iniciante,Até 1.500,Fundamental completo,Desempregado,Não Fala Outro Idioma,Gosto do idioma e quero aprender por hobby,L3-24,2025-04-07 18:00:00
leadD_163@email.com,Iniciante,Até 1.500,Fundamental completo,Desempregado,Não Fala Outro Idioma,Gosto do idioma e quero aprender por hobby,L3-24,2025-04-07 19:00:00
leadD_164@email.com,Iniciante,Até 1.500,Fundamental completo,Desempregado,Não Fala Outro Idioma,Gosto do idioma e quero aprender por hobby,L3-24,2025-04-07 20:00:00
leadD_165@email.com,Iniciante,Até 1.500,Fundamental completo,Desempregado,Não Fala Outro Idioma,Gosto do idioma e quero aprender por hobby,L3-24,2025-04-07 21:00:00
leadD_166@email.com,Iniciante,Até 1.500,Fundamental completo,Desempregado,Não Fala Outro Idioma,Gosto do idioma e quero aprender por hobby,L3-24,2025-04-07 22:00:00
leadD_167@email.com,Iniciante,Até 1.500,Fundamental completo,Desempregado,Não Fala Outro Idioma,Gosto do idioma e quero aprender por hobby,L3-24,2025-04-07 23:00:00
leadD_168@email.com,Iniciante,Até 1.500,Fundamental completo,Desempregado,Não Fala Outro Idioma,Gosto do idioma e quero aprender por hobby,L3-24,2025-04-08 00:00:00
leadD_169@email.com,Iniciante,Até 1.500,Fundamental completo,Desempregado,Não Fala Outro Idioma,Gosto do idioma e quero aprender por hobby,L3-24,2025-04-08 01:00:00
leadD_170@email.com,Iniciante,Até 1.500,Fundamental completo,Desempregado,Não Fala Outro Idioma,Gosto do idioma e quero aprender por hobby,L3-24,2025-04-08 02:00:00
leadD_171@email.com,Iniciante,Até 1.500,Fundamental completo,Desempregado,Não Fala Outro Idioma,Gosto do idioma e quero aprender por hobby,L3-24,2025-04-08 03:00:00
leadD_172@email.com,Iniciante,Até 1.500,Fundamental completo,Desempregado,Não Fala Outro Idioma,Gosto do idioma e quero aprender por hobby,L3-24,2025-04-08 04:00:00
leadD_173@email.com,Iniciante,Até 1.500,Fundamental completo,Desempregado,Não Fala Outro Idioma,Gosto do idioma e quero aprender por hobby,L3-24,2025-04-08 05:00:00
leadD_174@email.com,Iniciante,Até 1.500,Fundamental completo,Desempregado,Não Fala Outro Idioma,Gosto do idioma e quero aprender por hobby,L3-24,2025-04-08 06:00:00
leadD_175@email.com,Iniciante,Até 1.500,Fundamental completo,Desempregado,Não Fala Outro Idioma,Gosto do idioma e quero aprender por hobby,L3-24,2025-04-08 07:00:00
leadD_176@email.com,Iniciante,Até 1.500,Fundamental completo,Desempregado,Não Fala Outro Idioma,Gosto do idioma e quero aprender por hobby,L3-24,2025-04-08 08:00:00
leadD_177@email.com,Iniciante,Até 1.500,Fundamental completo,Desempregado,Não Fala Outro Idioma,Gosto do idioma e quero aprender por hobby,L3-24,2025-04-08 09:00:00
leadD_178@email.com,Iniciante,Até 1.500,Fundamental completo,Desempregado,Não Fala Outro Idioma,Gosto do idioma e quero aprender por hobby,L3-24,2025-04-08 10:00:00
leadD_179@email.com,Iniciante,Até 1.500,Fundamental completo,Desempregado,Não Fala Outro Idioma,Gosto do idioma e quero aprender por hobby,L3-24,2025-04-08 11:00:00
leadD_180@email.com,Iniciante,Até 1.500,Fundamental completo,Desempregado,Não Fala Outro Idioma,Gosto do idioma e quero aprender por hobby,L3-24,2025-04-08 12:00:00
leadD_181@email.com,Iniciante,Até 1.500,Fundamental completo,Desempregado,Não Fala Outro Idioma,Gosto do idioma e quero aprender por hobby,L3-24,2025-04-08 13:00:00
leadD_182@email.com,Iniciante,Até 1.500,Fundamental completo,Desempregado,Não Fala Outro Idioma,Gosto do idioma e quero aprender por hobby,L3-24,2025-04-08 14:00:00
leadD_183@email.com,Iniciante,Até 1.500,Fundamental completo,Desempregado,Não Fala Outro Idioma,Gosto do idioma e quero aprender por hobby,L3-24,2025-04-08 15:00:00
leadD_184@email.com,Iniciante,Até 1.500,Fundamental completo,Desempregado,Não Fala Outro Idioma,Gosto do idioma e quero aprender por hobby,L3-24,2025-04-08 16:00:00
leadD_185@email.com,Iniciante,Até 1.500,Fundamental completo,Desempregado,Não Fala Outro Idioma,Gosto do idioma e quero aprender por hobby,L3-24,2025-04-08 17:00:00
leadD_186@email.com,Iniciante,Até 1.500,Fundamental completo,Desempregado,Não Fala Outro Idioma,Gosto do idioma e quero aprender por hobby,L3-24,2025-04-08 18:00:00
leadD_187@email.com,Iniciante,Até 1.500,Fundamental completo,Desempregado,Não Fala Outro Idioma,Gosto do idioma e quero aprender por hobby,L3-24,2025-04-08 19:00:00
leadD_188@email.com,Iniciante,Até 1.500,Fundamental completo,Desempregado,Não Fala Outro Idioma,Gosto do idioma e quero aprender por hobby,L3-24,2025-04-08 20:00:00
leadD_189@email.com,Iniciante,Até 1.500,Fundamental completo,Desempregado,Não Fala Outro Idioma,Gosto do idioma e quero aprender por hobby,L3-24,2025-04-08 21:00:00
leadD_190@email.com,Iniciante,Até 1.500,Fundamental completo,Desempregado,Não Fala Outro Idioma,Gosto do idioma e quero aprender por hobby,L3-24,2025-04-08 22:00:00
leadD_191@email.com,Iniciante,Até 1.500,Fundamental completo,Desempregado,Não Fala Outro Idioma,Gosto do idioma e quero aprender por hobby,L3-24,2025-04-08 23:00:00
leadD_192@email.com,Iniciante,Até 1.500,Fundamental completo,Desempregado,Não Fala Outro Idioma,Gosto do idioma e quero aprender por hobby,L3-24,2025-04-09 00:00:00
leadD_193@email.com,Iniciante,Até 1.500,Fundamental completo,Desempregado,Não Fala Outro Idioma,Gosto do idioma e quero aprender por hobby,L3-24,2025-04-09 01:00:00
leadD_194@email.com,Iniciante,Até 1.500,Fundamental completo,Desempregado,Não Fala Outro Idioma,Gosto do idioma e quero aprender por hobby,L3-24,2025-04-09 02:00:00
leadD_195@email.com,Iniciante,Até 1.500,Fundamental completo,Desempregado,Não Fala Outro Idioma,Gosto do idioma e quero aprender por hobby,L3-24,2025-04-09 03:00:00
leadD_196@email.com,Iniciante,Até 1.500,Fundamental completo,Desempregado,Não Fala Outro Idioma,Gosto do idioma e quero aprender por hobby,L3-24,2025-04-09 04:00:00
leadD_197@email.com,Iniciante,Até 1.500,Fundamental completo,Desempregado,Não Fala Outro Idioma,Gosto do idioma e quero aprender por hobby,L3-24,2025-04-09 05:00:00
leadD_198@email.com,Iniciante,Até 1.500,Fundamental completo,Desempregado,Não Fala Outro Idioma,Gosto do idioma e quero aprender por hobby,L3-24,2025-04-09 06:00:00
leadD_199@email.com,Iniciante,Até 1.500,Fundamental completo,Desempregado,Não Fala Outro Idioma,Gosto do idioma e quero aprender por hobby,L3-24,2025-04-09 07:00:00
leadX_200@email.com,Intermediário,De 5.000 a 10.000,Pós-graduação completa,CLT,Não Fala Outro Idioma,Morar no exterior,L3-24,2025-04-09 08:00:00
leadX_201@email.com,Iniciante,Até 1.500,Superior completo,Desempregado,Inglês Intermediário ou Avançado,Conquistar um emprego melhor e ganhar mais,L1-25,2025-04-09 09:00:00
leadX_202@email.com,Intermediário,De 1.500 a 2.500,Médio completo,Saúde,Não Fala Outro Idioma,Conquistar um emprego melhor e ganhar mais,L1-25,2025-04-09 10:00:00
leadX_203@email.com,Iniciante,Até 1.500,Pós-graduação completa,CLT,Inglês Intermediário ou Avançado,Morar no exterior,L1-25,2025-04-09 11:00:00
leadX_204@email.com,Iniciante,De 2.500 a 5.000,Médio completo,Estudante,Inglês Intermediário ou Avançado,Conquistar um emprego melhor e ganhar mais,L2-25,2025-04-09 12:00:00
leadX_205@email.com,Intermediário,De 2.500 a 5.000,Pós-graduação completa,Estudante,Inglês Intermediário ou Avançado,Intercâmbio,L2-25,2025-04-09 13:00:00
leadX_206@email.com,Intermediário,Até 1.500,Fundamental completo,Empreendedorismo,Inglês Intermediário ou Avançado,Intercâmbio,L1-24,2025-04-09 14:00:00
leadX_207@email.com,Avançado,De 1.500 a 2.500,Médio completo,Empreendedorismo,Não Fala Outro Idioma,Morar no exterior,L3-25,2025-04-09 15:00:00
leadX_208@email.com,Iniciante,Mais de 10.000,Pós-graduação completa,Empreendedorismo,Inglês Intermediário ou Avançado,Morar no exterior,L3-24,2025-04-09 16:00:00
leadX_209@email.com,Avançado,Até 1.500,Pós-graduação completa,Saúde,Inglês Intermediário ou Avançado,Intercâmbio,L2-24,2025-04-09 17:00:00
leadX_210@email.com,Avançado,De 5.000 a 10.000,Superior completo,Desempregado,Inglês Intermediário ou Avançado,Aprendizado e Aperfeiçoamento,L1-24,2025-04-09 18:00:00
leadX_211@email.com,Avançado,De 2.500 a 5.000,Pós-graduação completa,CLT,Não Fala Outro Idioma,Morar no exterior,L3-25,2025-04-09 19:00:00
leadX_212@email.com,Avançado,Mais de 10.000,Superior completo,Desempregado,Não Fala Outro Idioma,Conquistar um emprego melhor e ganhar mais,L3-25,2025-04-09 20:00:00
leadX_213@email.com,Intermediário,De 5.000 a 10.000,Pós-graduação completa,Desempregado,Não Fala Outro Idioma,Conquistar um emprego melhor e ganhar mais,L3-24,2025-04-09 21:00:00
leadX_214@email.com,Iniciante,De 1.500 a 2.500,Superior completo,Desempregado,Inglês Intermediário ou Avançado,Morar no exterior,L3-24,2025-04-09 22:00:00
leadX_215@email.com,Avançado,De 2.500 a 5.000,Superior completo,CLT,Inglês Intermediário ou Avançado,Intercâmbio,L3-25,2025-04-09 23:00:00
leadX_216@email.com,Intermediário,De 5.000 a 10.000,Fundamental completo,Empreendedorismo,Não Fala Outro Idioma,Intercâmbio,L3-25,2025-04-10 00:00:00
leadX_217@email.com,Avançado,De 5.000 a 10.000,Fundamental completo,Desempregado,Inglês Intermediário ou Avançado,Aprendizado e Aperfeiçoamento,L3-25,2025-04-10 01:00:00
leadX_218@email.com,Intermediário,Até 1.500,Superior completo,Empreendedorismo,Não Fala Outro Idioma,Intercâmbio,L3-24,2025-04-10 02:00:00
leadX_219@email.com,Iniciante,De 5.000 a 10.000,Pós-graduação completa,Saúde,Não Fala Outro Idioma,Intercâmbio,L1-24,2025-04-10 03:00:00
leadX_220@email.com,Avançado,De 5.000 a 10.000,Superior completo,Desempregado,Inglês Intermediário ou Avançado,Morar no exterior,L1-25,2025-04-10 04:00:00
leadX_221@email.com,Intermediário,Mais de 10.000,Fundamental completo,Estudante,Inglês Intermediário ou Avançado,Conquistar um emprego melhor e ganhar mais,L3-25,2025-04-10 05:00:00
leadX_222@email.com,Iniciante,Até 1.500,Pós-graduação completa,Estudante,Não Fala Outro Idioma,Intercâmbio,L3-24,2025-04-10 06:00:00
leadX_223@email.com,Iniciante,De 2.500 a 5.000,Fundamental completo,Empreendedorismo,Inglês Intermediário ou Avançado,Intercâmbio,L1-24,2025-04-10 07:00:00
leadX_224@email.com,Avançado,De 5.000 a 10.000,Pós-graduação completa,CLT,Não Fala Outro Idioma,Conquistar um emprego melhor e ganhar mais,L3-25,2025-04-10 08:00:00
leadX_225@email.com,Intermediário,Até 1.500,Pós-graduação completa,Saúde,Inglês Intermediário ou Avançado,Conquistar um emprego melhor e ganhar mais,L3-25,2025-04-10 09:00:00
leadX_226@email.com,Avançado,De 2.500 a 5.000,Pós-graduação completa,CLT,Não Fala Outro Idioma,Morar no exterior,L2-25,2025-04-10 10:00:00
leadX_227@email.com,Iniciante,De 5.000 a 10.000,Fundamental completo,Empreendedorismo,Inglês Intermediário ou Avançado,Conquistar um emprego melhor e ganhar mais,L2-25,2025-04-10 11:00:00
leadX_228@email.com,Iniciante,Até 1.500,Fundamental completo,Desempregado,Inglês Intermediário ou Avançado,Morar no exterior,L1-24,2025-04-10 12:00:00
leadX_229@email.com,Intermediário,Até 1.500,Pós-graduação completa,Saúde,Não Fala Outro Idioma,Morar no exterior,L1-25,2025-04-10 13:00:00
leadX_230@email.com,Intermediário,De 5.000 a 10.000,Médio completo,Desempregado,Não Fala Outro Idioma,Intercâmbio,L1-25,2025-04-10 14:00:00
leadX_231@email.com,Iniciante,Mais de 10.000,Superior completo,Estudante,Não Fala Outro Idioma,Conquistar um emprego melhor e ganhar mais,L3-24,2025-04-10 15:00:00
leadX_232@email.com,Avançado,De 5.000 a 10.000,Pós-graduação completa,Estudante,Inglês Intermediário ou Avançado,Aprendizado e Aperfeiçoamento,L2-25,2025-04-10 16:00:00
leadX_233@email.com,Avançado,De 5.000 a 10.000,Médio completo,CLT,Não Fala Outro Idioma,Morar no exterior,L1-24,2025-04-10 17:00:00
leadX_234@email.com,Iniciante,Até 1.500,Médio completo,Desempregado,Não Fala Outro Idioma,Aprendizado e Aperfeiçoamento,L3-25,2025-04-10 18:00:00
leadX_235@email.com,Intermediário,De 2.500 a 5.000,Pós-graduação completa,Empreendedorismo,Inglês Intermediário ou Avançado,Intercâmbio,L1-24,2025-04-10 19:00:00
leadX_236@email.com,Iniciante,Mais de 10.000,Fundamental completo,Desempregado,Não Fala Outro Idioma,Aprendizado e Aperfeiçoamento,L3-25,2025-04-10 20:00:00
leadX_237@email.com,Avançado,Mais de 10.000,Pós-graduação completa,Desempregado,Não Fala Outro Idioma,Conquistar um emprego melhor e ganhar mais,L3-25,2025-04-10 21:00:00
leadX_238@email.com,Iniciante,Até 1.500,Médio completo,Empreendedorismo,Inglês Intermediário ou Avançado,Aprendizado e Aperfeiçoamento,L1-24,2025-04-10 22:00:00
leadX_239@email.com,Intermediário,Mais de 10.000,Fundamental completo,Desempregado,Inglês Intermediário ou Avançado,Intercâmbio,L2-24,2025-04-10 23:00:00
leadX_240@email.com,Avançado,Até 1.500,Fundamental completo,Saúde,Não Fala Outro Idioma,Conquistar um emprego melhor e ganhar mais,L1-24,2025-04-11 00:00:00
leadX_241@email.com,Iniciante,De 2.500 a 5.000,Superior completo,Desempregado,Não Fala Outro Idioma,Conquistar um emprego melhor e ganhar mais,L3-24,2025-04-11 01:00:00
leadX_242@email.com,Intermediário,De 2.500 a 5.000,Superior completo,Saúde,Não Fala Outro Idioma,Intercâmbio,L2-25,2025-04-11 02:00:00
leadX_243@email.com,Iniciante,De 5.000 a 10.000,Superior completo,Estudante,Inglês Intermediário ou Avançado,Aprendizado e Aperfeiçoamento,L2-25,2025-04-11 03:00:00
leadX_244@email.com,Iniciante,Mais de 10.000,Pós-graduação completa,Saúde,Inglês Intermediário ou Avançado,Conquistar um emprego melhor e ganhar mais,L2-25,2025-04-11 04:00:00
leadX_245@email.com,Intermediário,De 5.000 a 10.000,Médio completo,Saúde,Inglês Intermediário ou Avançado,Conquistar um emprego melhor e ganhar mais,L3-24,2025-04-11 05:00:00
leadX_246@email.com,Intermediário,Mais de 10.000,Superior completo,Desempregado,Não Fala Outro Idioma,Aprendizado e Aperfeiçoamento,L2-24,2025-04-11 06:00:00
leadX_247@email.com,Intermediário,De 1.500 a 2.500,Pós-graduação completa,Desempregado,Não Fala Outro Idioma,Aprendizado e Aperfeiçoamento,L2-24,2025-04-11 07:00:00
leadX_248@email.com,Iniciante,De 2.500 a 5.000,Superior completo,Estudante,Inglês Intermediário ou Avançado,Aprendizado e Aperfeiçoamento,L1-24,2025-04-11 08:00:00
leadX_249@email.com,Iniciante,De 5.000 a 10.000,Médio completo,Empreendedorismo,Não Fala Outro Idioma,Conquistar um emprego melhor e ganhar mais,L2-24,2025-04-11 09:00:00
leadX_250@email.com,Avançado,Mais de 10.000,Fundamental completo,CLT,Inglês Intermediário ou Avançado,Morar no exterior,L3-24,2025-04-11 10:00:00
leadX_251@email.com,Iniciante,De 1.500 a 2.500,Médio completo,CLT,Não Fala Outro Idioma,Intercâmbio,L1-24,2025-04-11 11:00:00
leadX_252@email.com,Iniciante,De 5.000 a 10.000,Superior completo,Estudante,Inglês Intermediário ou Avançado,Morar no exterior,L2-25,2025-04-11 12:00:00
leadX_253@email.com,Intermediário,Mais de 10.000,Médio completo,Empreendedorismo,Inglês Intermediário ou Avançado,Intercâmbio,L2-24,2025-04-11 13:00:00
leadX_254@email.com,Iniciante,Até 1.500,Médio completo,Estudante,Não Fala Outro Idioma,Morar no exterior,L1-24,2025-04-11 14:00:00
leadX_255@email.com,Avançado,Mais de 10.000,Superior completo,CLT,Não Fala Outro Idioma,Conquistar um emprego melhor e ganhar mais,L3-25,2025-04-11 15:00:00
leadX_256@email.com,Iniciante,Até 1.500,Superior completo,Desempregado,Inglês Intermediário ou Avançado,Aprendizado e Aperfeiçoamento,L2-25,2025-04-11 16:00:00
leadX_257@email.com,Intermediário,De 2.500 a 5.000,Médio completo,Estudante,Não Fala Outro Idioma,Conquistar um emprego melhor e ganhar mais,L1-24,2025-04-11 17:00:00
leadX_258@email.com,Iniciante,De 1.500 a 2.500,Médio completo,Estudante,Inglês Intermediário ou Avançado,Intercâmbio,L3-24,2025-04-11 18:00:00
leadX_259@email.com,Avançado,De 5.000 a 10.000,Pós-graduação completa,Desempregado,Não Fala Outro Idioma,Morar no exterior,L3-24,2025-04-11 19:00:00
leadX_260@email.com,Intermediário,De 2.500 a 5.000,Fundamental completo,Estudante,Inglês Intermediário ou Avançado,Conquistar um emprego melhor e ganhar mais,L2-24,2025-04-11 20:00:00
leadX_261@email.com,Iniciante,De 5.000 a 10.000,Fundamental completo,Desempregado,Não Fala Outro Idioma,Morar no exterior,L1-25,2025-04-11 21:00:00
leadX_262@email.com,Avançado,Mais de 10.000,Médio completo,Estudante,Inglês Intermediário ou Avançado,Aprendizado e Aperfeiçoamento,L3-24,2025-04-11 22:00:00
leadX_263@email.com,Avançado,De 2.500 a 5.000,Médio completo,Empreendedorismo,Não Fala Outro Idioma,Conquistar um emprego melhor e ganhar mais,L3-25,2025-04-11 23:00:00
leadX_264@email.com,Iniciante,De 1.500 a 2.500,Pós-graduação completa,Estudante,Inglês Intermediário ou Avançado,Aprendizado e Aperfeiçoamento,L3-25,2025-04-12 00:00:00
leadX_265@email.com,Iniciante,De 5.000 a 10.000,Fundamental completo,Saúde,Inglês Intermediário ou Avançado,Conquistar um emprego melhor e ganhar mais,L3-25,2025-04-12 01:00:00
leadX_266@email.com,Avançado,De 2.500 a 5.000,Superior completo,Saúde,Inglês Intermediário ou Avançado,Intercâmbio,L3-24,2025-04-12 02:00:00
leadX_267@email.com,Intermediário,De 2.500 a 5.000,Pós-graduação completa,Empreendedorismo,Inglês Intermediário ou Avançado,Morar no exterior,L2-24,2025-04-12 03:00:00
leadX_268@email.com,Intermediário,De 2.500 a 5.000,Fundamental completo,Saúde,Inglês Intermediário ou Avançado,Intercâmbio,L2-25,2025-04-12 04:00:00
leadX_269@email.com,Intermediário,Mais de 10.000,Fundamental completo,CLT,Inglês Intermediário ou Avançado,Conquistar um emprego melhor e ganhar mais,L3-24,2025-04-12 05:00:00
leadX_270@email.com,Avançado,De 5.000 a 10.000,Médio completo,Estudante,Não Fala Outro Idioma,Conquistar um emprego melhor e ganhar mais,L2-25,2025-04-12 06:00:00
leadX_271@email.com,Iniciante,De 2.500 a 5.000,Superior completo,Estudante,Não Fala Outro Idioma,Conquistar um emprego melhor e ganhar mais,L3-25,2025-04-12 07:00:00
leadX_272@email.com,Iniciante,Mais de 10.000,Fundamental completo,Desempregado,Não Fala Outro Idioma,Intercâmbio,L2-25,2025-04-12 08:00:00
leadX_273@email.com,Intermediário,Mais de 10.000,Superior completo,Empreendedorismo,Não Fala Outro Idioma,Intercâmbio,L2-24,2025-04-12 09:00:00
leadX_274@email.com,Iniciante,De 2.500 a 5.000,Médio completo,Desempregado,Não Fala Outro Idioma,Intercâmbio,L1-25,2025-04-12 10:00:00
leadX_275@email.com,Iniciante,De 5.000 a 10.000,Superior completo,Estudante,Não Fala Outro Idioma,Conquistar um emprego melhor e ganhar mais,L1-25,2025-04-12 11:00:00
leadX_276@email.com,Avançado,Mais de 10.000,Superior completo,Saúde,Não Fala Outro Idioma,Intercâmbio,L3-24,2025-04-12 12:00:00
leadX_277@email.com,Avançado,Mais de 10.000,Fundamental completo,Empreendedorismo,Inglês Intermediário ou Avançado,Intercâmbio,L3-25,2025-04-12 13:00:00
leadX_278@email.com,Iniciante,De 1.500 a 2.500,Superior completo,Saúde,Não Fala Outro Idioma,Conquistar um emprego melhor e ganhar mais,L1-25,2025-04-12 14:00:00
leadX_279@email.com,Iniciante,Até 1.500,Fundamental completo,Estudante,Inglês Intermediário ou Avançado,Morar no exterior,L3-24,2025-04-12 15:00:00
leadX_280@email.com,Iniciante,De 1.500 a 2.500,Superior completo,Saúde,Não Fala Outro Idioma,Aprendizado e Aperfeiçoamento,L3-25,2025-04-12 16:00:00
leadX_281@email.com,Iniciante,De 2.500 a 5.000,Superior completo,Estudante,Não Fala Outro Idioma,Conquistar um emprego melhor e ganhar mais,L1-25,2025-04-12 17:00:00
leadX_282@email.com,Iniciante,De 1.500 a 2.500,Pós-graduação completa,Desempregado,Não Fala Outro Idioma,Morar no exterior,L2-24,2025-04-12 18:00:00
leadX_283@email.com,Intermediário,De 1.500 a 2.500,Pós-graduação completa,Empreendedorismo,Não Fala Outro Idioma,Intercâmbio,L3-24,2025-04-12 19:00:00
leadX_284@email.com,Avançado,Até 1.500,Superior completo,CLT,Não Fala Outro Idioma,Morar no exterior,L2-25,2025-04-12 20:00:00
leadX_285@email.com,Intermediário,De 2.500 a 5.000,Médio completo,Estudante,Não Fala Outro Idioma,Morar no exterior,L1-25,2025-04-12 21:00:00
leadX_286@email.com,Avançado,Mais de 10.000,Superior completo,Desempregado,Inglês Intermediário ou Avançado,Aprendizado e Aperfeiçoamento,L2-25,2025-04-12 22:00:00
leadX_287@email.com,Iniciante,Até 1.500,Fundamental completo,Desempregado,Inglês Intermediário ou Avançado,Aprendizado e Aperfeiçoamento,L3-24,2025-04-12 23:00:00
leadX_288@email.com,Avançado,De 2.500 a 5.000,Superior completo,Saúde,Não Fala Outro Idioma,Morar no exterior,L3-25,2025-04-13 00:00:00
leadX_289@email.com,Iniciante,De 1.500 a 2.500,Pós-graduação completa,Saúde,Inglês Intermediário ou Avançado,Morar no exterior,L3-24,2025-04-13 01:00:00
leadX_290@email.com,Intermediário,De 1.500 a 2.500,Médio completo,Saúde,Inglês Intermediário ou Avançado,Aprendizado e Aperfeiçoamento,L2-24,2025-04-13 02:00:00
leadX_291@email.com,Iniciante,De 2.500 a 5.000,Pós-graduação completa,Desempregado,Inglês Intermediário ou Avançado,Morar no exterior,L3-24,2025-04-13 03:00:00
leadX_292@email.com,Avançado,De 1.500 a 2.500,Pós-graduação completa,CLT,Não Fala Outro Idioma,Aprendizado e Aperfeiçoamento,L3-25,2025-04-13 04:00:00
leadX_293@email.com,Avançado,De 2.500 a 5.000,Fundamental completo,Estudante,Não Fala Outro Idioma,Conquistar um emprego melhor e ganhar mais,L1-24,2025-04-13 05:00:00
leadX_294@email.com,Avançado,Mais de 10.000,Fundamental completo,Saúde,Inglês Intermediário ou Avançado,Aprendizado e Aperfeiçoamento,L1-24,2025-04-13 06:00:00
leadX_295@email.com,Avançado,Até 1.500,Pós-graduação completa,Empreendedorismo,Inglês Intermediário ou Avançado,Morar no exterior,L1-24,2025-04-13 07:00:00
leadX_296@email.com,Intermediário,De 5.000 a 10.000,Médio completo,Empreendedorismo,Não Fala Outro Idioma,Aprendizado e Aperfeiçoamento,L3-24,2025-04-13 08:00:00
leadX_297@email.com,Intermediário,De 5.000 a 10.000,Fundamental completo,Saúde,Inglês Intermediário ou Avançado,Intercâmbio,L2-25,2025-04-13 09:00:00
leadX_298@email.com,Iniciante,De 2.500 a 5.000,Superior completo,CLT,Inglês Intermediário ou Avançado,Conquistar um emprego melhor e ganhar mais,L2-24,2025-04-13 10:00:00
leadX_299@email.com,Intermediário,De 5.000 a 10.000,Pós-graduação completa,Estudante,Inglês Intermediário ou Avançado,Intercâmbio,L2-24,2025-04-13 11:00:00
leadX_300@email.com,Iniciante,De 5.000 a 10.000,Médio completo,Empreendedorismo,Inglês Intermediário ou Avançado,Morar no exterior,L3-25,2025-04-13 12:00:00
leadX_301@email.com,Intermediário,De 2.500 a 5.000,Médio completo,Saúde,Não Fala Outro Idioma,Conquistar um emprego melhor e ganhar mais,L1-24,2025-04-13 13:00:00
leadX_302@email.com,Iniciante,Até 1.500,Médio completo,Saúde,Não Fala Outro Idioma,Conquistar um emprego melhor e ganhar mais,L3-24,2025-04-13 14:00:00
leadX_303@email.com,Iniciante,De 2.500 a 5.000,Fundamental completo,Desempregado,Inglês Intermediário ou Avançado,Morar no exterior,L1-24,2025-04-13 15:00:00
leadX_304@email.com,Avançado,De 1.500 a 2.500,Médio completo,Estudante,Inglês Intermediário ou Avançado,Intercâmbio,L1-25,2025-04-13 16:00:00
leadX_305@email.com,Intermediário,De 1.500 a 2.500,Pós-graduação completa,Estudante,Não Fala Outro Idioma,Aprendizado e Aperfeiçoamento,L3-25,2025-04-13 17:00:00
leadX_306@email.com,Intermediário,De 5.000 a 10.000,Fundamental completo,Empreendedorismo,Não Fala Outro Idioma,Aprendizado e Aperfeiçoamento,L2-24,2025-04-13 18:00:00
leadX_307@email.com,Avançado,De 1.500 a 2.500,Médio completo,CLT,Não Fala Outro Idioma,Morar no exterior,L1-24,2025-04-13 19:00:00
leadX_308@email.com,Iniciante,Até 1.500,Superior completo,Desempregado,Inglês Intermediário ou Avançado,Conquistar um emprego melhor e ganhar mais,L2-24,2025-04-13 20:00:00
leadX_309@email.com,Intermediário,Até 1.500,Superior completo,CLT,Inglês Intermediário ou Avançado,Conquistar um emprego melhor e ganhar mais,L3-25,2025-04-13 21:00:00
leadX_310@email.com,Iniciante,De 5.000 a 10.000,Fundamental completo,Saúde,Inglês Intermediário ou Avançado,Morar no exterior,L1-24,2025-04-13 22:00:00
leadX_311@email.com,Iniciante,De 2.500 a 5.000,Superior completo,Desempregado,Não Fala Outro Idioma,Intercâmbio,L1-25,2025-04-13 23:00:00
leadX_312@email.com,Intermediário,De 2.500 a 5.000,Fundamental completo,Empreendedorismo,Não Fala Outro Idioma,Intercâmbio,L1-25,2025-04-14 00:00:00
leadX_313@email.com,Avançado,Mais de 10.000,Fundamental completo,CLT,Não Fala Outro Idioma,Intercâmbio,L2-25,2025-04-14 01:00:00
leadX_314@email.com,Iniciante,De 5.000 a 10.000,Superior completo,Desempregado,Inglês Intermediário ou Avançado,Morar no exterior,L2-24,2025-04-14 02:00:00
leadX_315@email.com,Avançado,Mais de 10.000,Fundamental completo,Empreendedorismo,Não Fala Outro Idioma,Conquistar um emprego melhor e ganhar mais,L1-24,2025-04-14 03:00:00
leadX_316@email.com,Avançado,Até 1.500,Pós-graduação completa,Desempregado,Inglês Intermediário ou Avançado,Conquistar um emprego melhor e ganhar mais,L2-25,2025-04-14 04:00:00
leadX_317@email.com,Avançado,De 2.500 a 5.000,Pós-graduação completa,Saúde,Inglês Intermediário ou Avançado,Conquistar um emprego melhor e ganhar mais,L2-25,2025-04-14 05:00:00
leadX_318@email.com,Intermediário,De 5.000 a 10.000,Pós-graduação completa,Desempregado,Não Fala Outro Idioma,Morar no exterior,L2-24,2025-04-14 06:00:00
leadX_319@email.com,Intermediário,De 2.500 a 5.000,Pós-graduação completa,Desempregado,Inglês Intermediário ou Avançado,Morar no exterior,L1-24,2025-04-14 07:00:00
leadX_320@email.com,Iniciante,De 1.500 a 2.500,Fundamental completo,Saúde,Inglês Intermediário ou Avançado,Morar no exterior,L2-24,2025-04-14 08:00:00
leadX_321@email.com,Iniciante,Até 1.500,Médio completo,Empreendedorismo,Inglês Intermediário ou Avançado,Aprendizado e Aperfeiçoamento,L3-25,2025-04-14 09:00:00
leadX_322@email.com,Iniciante,De 5.000 a 10.000,Fundamental completo,Saúde,Não Fala Outro Idioma,Intercâmbio,L1-24,2025-04-14 10:00:00
leadX_323@email.com,Avançado,De 5.000 a 10.000,Médio completo,Empreendedorismo,Inglês Intermediário ou Avançado,Intercâmbio,L1-25,2025-04-14 11:00:00
leadX_324@email.com,Iniciante,De 5.000 a 10.000,Pós-graduação completa,Desempregado,Inglês Intermediário ou Avançado,Conquistar um emprego melhor e ganhar mais,L1-25,2025-04-14 12:00:00
leadX_325@email.com,Avançado,De 2.500 a 5.000,Fundamental completo,Desempregado,Não Fala Outro Idioma,Intercâmbio,L3-25,2025-04-14 13:00:00
leadX_326@email.com,Intermediário,Mais de 10.000,Pós-graduação completa,Saúde,Inglês Intermediário ou Avançado,Intercâmbio,L2-25,2025-04-14 14:00:00
leadX_327@email.com,Iniciante,De 1.500 a 2.500,Médio completo,Desempregado,Inglês Intermediário ou Avançado,Intercâmbio,L2-24,2025-04-14 15:00:00
leadX_328@email.com,Avançado,Até 1.500,Superior completo,Desempregado,Inglês Intermediário ou Avançado,Intercâmbio,L1-25,2025-04-14 16:00:00
leadX_329@email.com,Iniciante,De 2.500 a 5.000,Fundamental completo,Estudante,Inglês Intermediário ou Avançado,Aprendizado e Aperfeiçoamento,L2-24,2025-04-14 17:00:00
leadX_330@email.com,Intermediário,Até 1.500,Pós-graduação completa,Estudante,Inglês Intermediário ou Avançado,Morar no exterior,L1-24,2025-04-14 18:00:00
leadX_331@email.com,Intermediário,De 5.000 a 10.000,Superior completo,Saúde,Inglês Intermediário ou Avançado,Morar no exterior,L3-25,2025-04-14 19:00:00
leadX_332@email.com,Iniciante,De 1.500 a 2.500,Fundamental completo,Saúde,Não Fala Outro Idioma,Conquistar um emprego melhor e ganhar mais,L2-24,2025-04-14 20:00:00
leadX_333@email.com,Avançado,De 5.000 a 10.000,Fundamental completo,Estudante,Inglês Intermediário ou Avançado,Aprendizado e Aperfeiçoamento,L3-24,2025-04-14 21:00:00
leadX_334@email.com,Iniciante,De 5.000 a 10.000,Fundamental completo,Estudante,Não Fala Outro Idioma,Morar no exterior,L1-24,2025-04-14 22:00:00
leadX_335@email.com,Avançado,Até 1.500,Superior completo,Desempregado,Inglês Intermediário ou Avançado,Aprendizado e Aperfeiçoamento,L2-25,2025-04-14 23:00:00
leadX_336@email.com,Intermediário,De 2.500 a 5.000,Pós-graduação completa,Empreendedorismo,Não Fala Outro Idioma,Conquistar um emprego melhor e ganhar mais,L2-25,2025-04-15 00:00:00
leadX_337@email.com,Intermediário,De 1.500 a 2.500,Pós-graduação completa,Saúde,Não Fala Outro Idioma,Aprendizado e Aperfeiçoamento,L1-25,2025-04-15 01:00:00
leadX_338@email.com,Intermediário,De 5.000 a 10.000,Médio completo,Desempregado,Não Fala Outro Idioma,Conquistar um emprego melhor e ganhar mais,L1-25,2025-04-15 02:00:00
leadX_339@email.com,Intermediário,De 2.500 a 5.000,Superior completo,Estudante,Inglês Intermediário ou Avançado,Conquistar um emprego melhor e ganhar mais,L1-24,2025-04-15 03:00:00
leadX_340@email.com,Avançado,De 1.500 a 2.500,Pós-graduação completa,CLT,Não Fala Outro Idioma,Intercâmbio,L1-24,2025-04-15 04:00:00
leadX_341@email.com,Intermediário,De 2.500 a 5.000,Fundamental completo,Empreendedorismo,Não Fala Outro Idioma,Conquistar um emprego melhor e ganhar mais,L2-25,2025-04-15 05:00:00
leadX_342@email.com,Avançado,De 5.000 a 10.000,Superior completo,Empreendedorismo,Não Fala Outro Idioma,Conquistar um emprego melhor e ganhar mais,L1-25,2025-04-15 06:00:00
leadX_343@email.com,Intermediário,De 5.000 a 10.000,Fundamental completo,Desempregado,Inglês Intermediário ou Avançado,Intercâmbio,L2-24,2025-04-15 07:00:00
leadX_344@email.com,Iniciante,De 1.500 a 2.500,Fundamental completo,Estudante,Inglês Intermediário ou Avançado,Conquistar um emprego melhor e ganhar mais,L3-24,2025-04-15 08:00:00
leadX_345@email.com,Intermediário,Até 1.500,Médio completo,Empreendedorismo,Inglês Intermediário ou Avançado,Morar no exterior,L2-25,2025-04-15 09:00:00
leadX_346@email.com,Intermediário,Mais de 10.000,Médio completo,Saúde,Inglês Intermediário ou Avançado,Intercâmbio,L3-25,2025-04-15 10:00:00
leadX_347@email.com,Intermediário,De 1.500 a 2.500,Médio completo,CLT,Inglês Intermediário ou Avançado,Conquistar um emprego melhor e ganhar mais,L3-25,2025-04-15 11:00:00
leadX_348@email.com,Avançado,Mais de 10.000,Pós-graduação completa,Estudante,Não Fala Outro Idioma,Morar no exterior,L1-25,2025-04-15 12:00:00
leadX_349@email.com,Iniciante,Até 1.500,Pós-graduação completa,Empreendedorismo,Não Fala Outro Idioma,Intercâmbio,L3-24,2025-04-15 13:00:00
leadX_350@email.com,Avançado,De 5.000 a 10.000,Pós-graduação completa,Desempregado,Inglês Intermediário ou Avançado,Aprendizado e Aperfeiçoamento,L3-24,2025-04-15 14:00:00
leadX_351@email.com,Avançado,De 1.500 a 2.500,Médio completo,Desempregado,Inglês Intermediário ou Avançado,Morar no exterior,L2-25,2025-04-15 15:00:00
leadX_352@email.com,Iniciante,De 1.500 a 2.500,Superior completo,CLT,Inglês Intermediário ou Avançado,Intercâmbio,L1-25,2025-04-15 16:00:00
leadX_353@email.com,Avançado,Mais de 10.000,Superior completo,Saúde,Inglês Intermediário ou Avançado,Conquistar um emprego melhor e ganhar mais,L3-24,2025-04-15 17:00:00
leadX_354@email.com,Avançado,Mais de 10.000,Pós-graduação completa,CLT,Inglês Intermediário ou Avançado,Morar no exterior,L2-25,2025-04-15 18:00:00
leadX_355@email.com,Intermediário,De 5.000 a 10.000,Superior completo,Desempregado,Não Fala Outro Idioma,Morar no exterior,L1-24,2025-04-15 19:00:00
leadX_356@email.com,Avançado,De 5.000 a 10.000,Pós-graduação completa,CLT,Inglês Intermediário ou Avançado,Conquistar um emprego melhor e ganhar mais,L3-25,2025-04-15 20:00:00
leadX_357@email.com,Iniciante,Mais de 10.000,Médio completo,Estudante,Não Fala Outro Idioma,Aprendizado e Aperfeiçoamento,L1-25,2025-04-15 21:00:00
leadX_358@email.com,Intermediário,De 2.500 a 5.000,Fundamental completo,CLT,Inglês Intermediário ou Avançado,Aprendizado e Aperfeiçoamento,L2-24,2025-04-15 22:00:00
leadX_359@email.com,Avançado,De 2.500 a 5.000,Médio completo,Saúde,Não Fala Outro Idioma,Conquistar um emprego melhor e ganhar mais,L2-25,2025-04-15 23:00:00
leadX_360@email.com,Avançado,De 5.000 a 10.000,Fundamental completo,Saúde,Inglês Intermediário ou Avançado,Aprendizado e Aperfeiçoamento,L1-24,2025-04-16 00:00:00
leadX_361@email.com,Intermediário,De 2.500 a 5.000,Médio completo,Empreendedorismo,Não Fala Outro Idioma,Aprendizado e Aperfeiçoamento,L1-24,2025-04-16 01:00:00
leadX_362@email.com,Iniciante,Até 1.500,Superior completo,Estudante,Inglês Intermediário ou Avançado,Conquistar um emprego melhor e ganhar mais,L3-25,2025-04-16 02:00:00
leadX_363@email.com,Avançado,De 2.500 a 5.000,Fundamental completo,Empreendedorismo,Inglês Intermediário ou Avançado,Intercâmbio,L1-24,2025-04-16 03:00:00
leadX_364@email.com,Intermediário,Mais de 10.000,Pós-graduação completa,Saúde,Inglês Intermediário ou Avançado,Conquistar um emprego melhor e ganhar mais,L3-24,2025-04-16 04:00:00
leadX_365@email.com,Intermediário,De 5.000 a 10.000,Fundamental completo,CLT,Não Fala Outro Idioma,Intercâmbio,L2-24,2025-04-16 05:00:00
leadX_366@email.com,Iniciante,De 5.000 a 10.000,Pós-graduação completa,CLT,Não Fala Outro Idioma,Morar no exterior,L1-24,2025-04-16 06:00:00
leadX_367@email.com,Iniciante,Mais de 10.000,Médio completo,Desempregado,Não Fala Outro Idioma,Intercâmbio,L2-24,2025-04-16 07:00:00
leadX_368@email.com,Iniciante,Até 1.500,Fundamental completo,Estudante,Não Fala Outro Idioma,Aprendizado e Aperfeiçoamento,L3-24,2025-04-16 08:00:00
leadX_369@email.com,Avançado,Mais de 10.000,Superior completo,Estudante,Inglês Intermediário ou Avançado,Morar no exterior,L3-24,2025-04-16 09:00:00
leadX_370@email.com,Iniciante,De 5.000 a 10.000,Superior completo,CLT,Inglês Intermediário ou Avançado,Conquistar um emprego melhor e ganhar mais,L2-25,2025-04-16 10:00:00
leadX_371@email.com,Intermediário,De 5.000 a 10.000,Superior completo,CLT,Inglês Intermediário ou Avançado,Morar no exterior,L2-24,2025-04-16 11:00:00
leadX_372@email.com,Iniciante,Mais de 10.000,Pós-graduação completa,Desempregado,Inglês Intermediário ou Avançado,Morar no exterior,L3-25,2025-04-16 12:00:00
leadX_373@email.com,Intermediário,Até 1.500,Superior completo,Estudante,Inglês Intermediário ou Avançado,Morar no exterior,L3-24,2025-04-16 13:00:00
leadX_374@email.com,Iniciante,Até 1.500,Superior completo,Empreendedorismo,Inglês Intermediário ou Avançado,Morar no exterior,L2-25,2025-04-16 14:00:00
leadX_375@email.com,Intermediário,Mais de 10.000,Pós-graduação completa,CLT,Inglês Intermediário ou Avançado,Morar no exterior,L2-24,2025-04-16 15:00:00
leadX_376@email.com,Iniciante,Até 1.500,Superior completo,Saúde,Inglês Intermediário ou Avançado,Aprendizado e Aperfeiçoamento,L2-25,2025-04-16 16:00:00
leadX_377@email.com,Iniciante,Mais de 10.000,Médio completo,Desempregado,Não Fala Outro Idioma,Conquistar um emprego melhor e ganhar mais,L1-24,2025-04-16 17:00:00
leadX_378@email.com,Intermediário,Mais de 10.000,Fundamental completo,CLT,Inglês Intermediário ou Avançado,Morar no exterior,L3-25,2025-04-16 18:00:00
leadX_379@email.com,Iniciante,Mais de 10.000,Pós-graduação completa,Empreendedorismo,Inglês Intermediário ou Avançado,Morar no exterior,L3-25,2025-04-16 19:00:00
leadX_380@email.com,Avançado,De 5.000 a 10.000,Pós-graduação completa,Estudante,Inglês Intermediário ou Avançado,Morar no exterior,L1-25,2025-04-16 20:00:00
leadX_381@email.com,Avançado,Até 1.500,Fundamental completo,Saúde,Não Fala Outro Idioma,Intercâmbio,L2-24,2025-04-16 21:00:00
leadX_382@email.com,Intermediário,Mais de 10.000,Fundamental completo,Empreendedorismo,Não Fala Outro Idioma,Intercâmbio,L1-24,2025-04-16 22:00:00
leadX_383@email.com,Intermediário,De 2.500 a 5.000,Superior completo,Estudante,Não Fala Outro Idioma,Aprendizado e Aperfeiçoamento,L3-25,2025-04-16 23:00:00
leadX_384@email.com,Iniciante,Mais de 10.000,Pós-graduação completa,Desempregado,Inglês Intermediário ou Avançado,Morar no exterior,L2-24,2025-04-17 00:00:00
leadX_385@email.com,Intermediário,De 2.500 a 5.000,Médio completo,Desempregado,Não Fala Outro Idioma,Morar no exterior,L2-24,2025-04-17 01:00:00
leadX_386@email.com,Intermediário,Até 1.500,Fundamental completo,Estudante,Inglês Intermediário ou Avançado,Aprendizado e Aperfeiçoamento,L1-24,2025-04-17 02:00:00
leadX_387@email.com,Avançado,Mais de 10.000,Fundamental completo,Desempregado,Não Fala Outro Idioma,Morar no exterior,L1-24,2025-04-17 03:00:00
leadX_388@email.com,Avançado,De 5.000 a 10.000,Fundamental completo,Desempregado,Não Fala Outro Idioma,Aprendizado e Aperfeiçoamento,L2-24,2025-04-17 04:00:00
leadX_389@email.com,Avançado,De 2.500 a 5.000,Médio completo,Desempregado,Não Fala Outro Idioma,Morar no exterior,L2-24,2025-04-17 05:00:00
leadX_390@email.com,Avançado,Mais de 10.000,Médio completo,Desempregado,Não Fala Outro Idioma,Intercâmbio,L3-24,2025-04-17 06:00:00
leadX_391@email.com,Iniciante,Mais de 10.000,Fundamental completo,Saúde,Inglês Intermediário ou Avançado,Intercâmbio,L1-25,2025-04-17 07:00:00
leadX_392@email.com,Iniciante,De 2.500 a 5.000,Fundamental completo,Desempregado,Inglês Intermediário ou Avançado,Aprendizado e Aperfeiçoamento,L2-25,2025-04-17 08:00:00
leadX_393@email.com,Avançado,Até 1.500,Fundamental completo,Empreendedorismo,Inglês Intermediário ou Avançado,Morar no exterior,L1-25,2025-04-17 09:00:00
leadX_394@email.com,Intermediário,Até 1.500,Superior completo,Empreendedorismo,Inglês Intermediário ou Avançado,Morar no exterior,L3-25,2025-04-17 10:00:00
leadX_395@email.com,Intermediário,Até 1.500,Médio completo,CLT,Não Fala Outro Idioma,Morar no exterior,L1-25,2025-04-17 11:00:00
leadX_396@email.com,Avançado,Mais de 10.000,Superior completo,Desempregado,Não Fala Outro Idioma,Conquistar um emprego melhor e ganhar mais,L3-24,2025-04-17 12:00:00
leadX_397@email.com,Iniciante,Até 1.500,Fundamental completo,Empreendedorismo,Inglês Intermediário ou Avançado,Intercâmbio,L2-25,2025-04-17 13:00:00
leadX_398@email.com,Intermediário,De 2.500 a 5.000,Superior completo,Estudante,Inglês Intermediário ou Avançado,Morar no exterior,L3-24,2025-04-17 14:00:00
leadX_399@email.com,Intermediário,Até 1.500,Pós-graduação completa,Estudante,Inglês Intermediário ou Avançado,Morar no exterior,L2-24,2025-04-17 15:00:00
leadX_400@email.com,Intermediário,De 2.500 a 5.000,Fundamental completo,Saúde,Inglês Intermediário ou Avançado,Morar no exterior,L3-25,2025-04-17 16:00:00
leadX_401@email.com,Avançado,De 2.500 a 5.000,Médio completo,Empreendedorismo,Não Fala Outro Idioma,Intercâmbio,L1-25,2025-04-17 17:00:00
leadX_402@email.com,Iniciante,Até 1.500,Pós-graduação completa,Saúde,Não Fala Outro Idioma,Conquistar um emprego melhor e ganhar mais,L3-24,2025-04-17 18:00:00
leadX_403@email.com,Iniciante,Até 1.500,Fundamental completo,Desempregado,Inglês Intermediário ou Avançado,Intercâmbio,L2-25,2025-04-17 19:00:00
leadX_404@email.com,Intermediário,De 2.500 a 5.000,Fundamental completo,CLT,Inglês Intermediário ou Avançado,Conquistar um emprego melhor e ganhar mais,L3-24,2025-04-17 20:00:00
leadX_405@email.com,Intermediário,Mais de 10.000,Superior completo,CLT,Inglês Intermediário ou Avançado,Morar no exterior,L1-25,2025-04-17 21:00:00
leadX_406@email.com,Iniciante,Mais de 10.000,Pós-graduação completa,Empreendedorismo,Inglês Intermediário ou Avançado,Intercâmbio,L2-25,2025-04-17 22:00:00
leadX_407@email.com,Iniciante,De 1.500 a 2.500,Superior completo,CLT,Não Fala Outro Idioma,Conquistar um emprego melhor e ganhar mais,L2-24,2025-04-17 23:00:00
leadX_408@email.com,Intermediário,Mais de 10.000,Médio completo,Desempregado,Inglês Intermediário ou Avançado,Intercâmbio,L2-24,2025-04-18 00:00:00
leadX_409@email.com,Iniciante,De 5.000 a 10.000,Médio completo,Desempregado,Não Fala Outro Idioma,Intercâmbio,L2-24,2025-04-18 01:00:00
leadX_410@email.com,Iniciante,Até 1.500,Superior completo,Desempregado,Inglês Intermediário ou Avançado,Morar no exterior,L3-24,2025-04-18 02:00:00
leadX_411@email.com,Avançado,De 1.500 a 2.500,Médio completo,Desempregado,Não Fala Outro Idioma,Aprendizado e Aperfeiçoamento,L2-24,2025-04-18 03:00:00
leadX_412@email.com,Intermediário,De 1.500 a 2.500,Superior completo,Empreendedorismo,Não Fala Outro Idioma,Morar no exterior,L3-25,2025-04-18 04:00:00
leadX_413@email.com,Avançado,Até 1.500,Médio completo,Estudante,Inglês Intermediário ou Avançado,Morar no exterior,L1-25,2025-04-18 05:00:00
leadX_414@email.com,Avançado,De 1.500 a 2.500,Médio completo,Saúde,Inglês Intermediário ou Avançado,Intercâmbio,L3-24,2025-04-18 06:00:00
leadX_415@email.com,Intermediário,De 2.500 a 5.000,Médio completo,Desempregado,Não Fala Outro Idioma,Aprendizado e Aperfeiçoamento,L3-25,2025-04-18 07:00:00
leadX_416@email.com,Iniciante,De 2.500 a 5.000,Pós-graduação completa,Empreendedorismo,Inglês Intermediário ou Avançado,Intercâmbio,L2-25,2025-04-18 08:00:00
leadX_417@email.com,Iniciante,De 2.500 a 5.000,Médio completo,Desempregado,Inglês Intermediário ou Avançado,Conquistar um emprego melhor e ganhar mais,L3-24,2025-04-18 09:00:00
leadX_418@email.com,Intermediário,De 2.500 a 5.000,Pós-graduação completa,Saúde,Não Fala Outro Idioma,Aprendizado e Aperfeiçoamento,L3-25,2025-04-18 10:00:00
leadX_419@email.com,Intermediário,Até 1.500,Fundamental completo,Estudante,Não Fala Outro Idioma,Conquistar um emprego melhor e ganhar mais,L2-25,2025-04-18 11:00:00
leadX_420@email.com,Avançado,Até 1.500,Fundamental completo,Estudante,Não Fala Outro Idioma,Conquistar um emprego melhor e ganhar mais,L2-24,2025-04-18 12:00:00
leadX_421@email.com,Iniciante,Mais de 10.000,Médio completo,CLT,Inglês Intermediário ou Avançado,Aprendizado e Aperfeiçoamento,L3-25,2025-04-18 13:00:00
leadX_422@email.com,Intermediário,Até 1.500,Médio completo,CLT,Não Fala Outro Idioma,Intercâmbio,L2-24,2025-04-18 14:00:00
leadX_423@email.com,Avançado,De 5.000 a 10.000,Superior completo,Saúde,Não Fala Outro Idioma,Conquistar um emprego melhor e ganhar mais,L1-25,2025-04-18 15:00:00
leadX_424@email.com,Avançado,De 5.000 a 10.000,Fundamental completo,Empreendedorismo,Não Fala Outro Idioma,Morar no exterior,L2-24,2025-04-18 16:00:00
leadX_425@email.com,Avançado,De 5.000 a 10.000,Fundamental completo,Empreendedorismo,Não Fala Outro Idioma,Conquistar um emprego melhor e ganhar mais,L2-24,2025-04-18 17:00:00
leadX_426@email.com,Intermediário,De 5.000 a 10.000,Fundamental completo,Desempregado,Não Fala Outro Idioma,Morar no exterior,L1-25,2025-04-18 18:00:00
leadX_427@email.com,Avançado,Até 1.500,Fundamental completo,Saúde,Não Fala Outro Idioma,Aprendizado e Aperfeiçoamento,L2-24,2025-04-18 19:00:00
leadX_428@email.com,Avançado,Mais de 10.000,Médio completo,Empreendedorismo,Inglês Intermediário ou Avançado,Intercâmbio,L1-24,2025-04-18 20:00:00
leadX_429@email.com,Avançado,De 1.500 a 2.500,Médio completo,CLT,Inglês Intermediário ou Avançado,Intercâmbio,L3-24,2025-04-18 21:00:00
leadX_430@email.com,Avançado,Mais de 10.000,Pós-graduação completa,Empreendedorismo,Inglês Intermediário ou Avançado,Intercâmbio,L1-24,2025-04-18 22:00:00
leadX_431@email.com,Avançado,De 2.500 a 5.000,Médio completo,Empreendedorismo,Inglês Intermediário ou Avançado,Intercâmbio,L1-24,2025-04-18 23:00:00
leadX_432@email.com,Iniciante,Mais de 10.000,Médio completo,Empreendedorismo,Não Fala Outro Idioma,Morar no exterior,L1-24,2025-04-19 00:00:00
leadX_433@email.com,Iniciante,Mais de 10.000,Fundamental completo,CLT,Inglês Intermediário ou Avançado,Morar no exterior,L2-25,2025-04-19 01:00:00
leadX_434@email.com,Intermediário,Mais de 10.000,Médio completo,Empreendedorismo,Não Fala Outro Idioma,Aprendizado e Aperfeiçoamento,L3-25,2025-04-19 02:00:00
leadX_435@email.com,Intermediário,De 5.000 a 10.000,Médio completo,Estudante,Não Fala Outro Idioma,Conquistar um emprego melhor e ganhar mais,L1-25,2025-04-19 03:00:00
leadX_436@email.com,Intermediário,De 1.500 a 2.500,Superior completo,Empreendedorismo,Inglês Intermediário ou Avançado,Conquistar um emprego melhor e ganhar mais,L2-25,2025-04-19 04:00:00
leadX_437@email.com,Intermediário,Mais de 10.000,Superior completo,Estudante,Inglês Intermediário ou Avançado,Morar no exterior,L1-24,2025-04-19 05:00:00
leadX_438@email.com,Avançado,De 2.500 a 5.000,Médio completo,CLT,Não Fala Outro Idioma,Conquistar um emprego melhor e ganhar mais,L3-25,2025-04-19 06:00:00
leadX_439@email.com,Intermediário,Mais de 10.000,Pós-graduação completa,Saúde,Não Fala Outro Idioma,Conquistar um emprego melhor e ganhar mais,L2-24,2025-04-19 07:00:00
leadX_440@email.com,Iniciante,De 1.500 a 2.500,Superior completo,Empreendedorismo,Não Fala Outro Idioma,Morar no exterior,L1-25,2025-04-19 08:00:00
leadX_441@email.com,Avançado,De 2.500 a 5.000,Pós-graduação completa,Saúde,Não Fala Outro Idioma,Aprendizado e Aperfeiçoamento,L1-25,2025-04-19 09:00:00
leadX_442@email.com,Avançado,De 1.500 a 2.500,Superior completo,Desempregado,Não Fala Outro Idioma,Conquistar um emprego melhor e ganhar mais,L2-24,2025-04-19 10:00:00
leadX_443@email.com,Iniciante,Mais de 10.000,Superior completo,Saúde,Inglês Intermediário ou Avançado,Intercâmbio,L2-24,2025-04-19 11:00:00
leadX_444@email.com,Iniciante,De 1.500 a 2.500,Médio completo,Desempregado,Não Fala Outro Idioma,Conquistar um emprego melhor e ganhar mais,L2-25,2025-04-19 12:00:00
leadX_445@email.com,Iniciante,De 2.500 a 5.000,Fundamental completo,Empreendedorismo,Não Fala Outro Idioma,Intercâmbio,L1-24,2025-04-19 13:00:00
leadX_446@email.com,Intermediário,Mais de 10.000,Médio completo,Desempregado,Inglês Intermediário ou Avançado,Morar no exterior,L3-24,2025-04-19 14:00:00
leadX_447@email.com,Intermediário,Até 1.500,Superior completo,Desempregado,Não Fala Outro Idioma,Morar no exterior,L2-25,2025-04-19 15:00:00
leadX_448@email.com,Avançado,Mais de 10.000,Pós-graduação completa,Estudante,Não Fala Outro Idioma,Aprendizado e Aperfeiçoamento,L2-25,2025-04-19 16:00:00
leadX_449@email.com,Iniciante,Mais de 10.000,Médio completo,Saúde,Inglês Intermediário ou Avançado,Aprendizado e Aperfeiçoamento,L2-24,2025-04-19 17:00:00
leadX_450@email.com,Intermediário,Até 1.500,Médio completo,Desempregado,Inglês Intermediário ou Avançado,Morar no exterior,L2-24,2025-04-19 18:00:00
leadX_451@email.com,Avançado,De 1.500 a 2.500,Médio completo,Estudante,Não Fala Outro Idioma,Aprendizado e Aperfeiçoamento,L2-24,2025-04-19 19:00:00
leadX_452@email.com,Iniciante,De 1.500 a 2.500,Pós-graduação completa,Empreendedorismo,Inglês Intermediário ou Avançado,Morar no exterior,L3-25,2025-04-19 20:00:00
leadX_453@email.com,Avançado,De 2.500 a 5.000,Médio completo,Estudante,Inglês Intermediário ou Avançado,Aprendizado e Aperfeiçoamento,L3-24,2025-04-19 21:00:00
leadX_454@email.com,Iniciante,Até 1.500,Superior completo,Desempregado,Inglês Intermediário ou Avançado,Conquistar um emprego melhor e ganhar mais,L3-24,2025-04-19 22:00:00
leadX_455@email.com,Avançado,De 1.500 a 2.500,Pós-graduação completa,CLT,Não Fala Outro Idioma,Conquistar um emprego melhor e ganhar mais,L2-24,2025-04-19 23:00:00
leadX_456@email.com,Intermediário,De 2.500 a 5.000,Fundamental completo,Desempregado,Inglês Intermediário ou Avançado,Conquistar um emprego melhor e ganhar mais,L2-25,2025-04-20 00:00:00
leadX_457@email.com,Iniciante,Mais de 10.000,Pós-graduação completa,Saúde,Não Fala Outro Idioma,Morar no exterior,L2-24,2025-04-20 01:00:00
leadX_458@email.com,Iniciante,Mais de 10.000,Fundamental completo,CLT,Não Fala Outro Idioma,Morar no exterior,L2-24,2025-04-20 02:00:00
leadX_459@email.com,Iniciante,Mais de 10.000,Fundamental completo,Desempregado,Inglês Intermediário ou Avançado,Conquistar um emprego melhor e ganhar mais,L3-24,2025-04-20 03:00:00
leadX_460@email.com,Iniciante,De 2.500 a 5.000,Fundamental completo,Empreendedorismo,Não Fala Outro Idioma,Conquistar um emprego melhor e ganhar mais,L2-25,2025-04-20 04:00:00
leadX_461@email.com,Avançado,De 1.500 a 2.500,Pós-graduação completa,Desempregado,Inglês Intermediário ou Avançado,Aprendizado e Aperfeiçoamento,L1-24,2025-04-20 05:00:00
leadX_462@email.com,Iniciante,Mais de 10.000,Fundamental completo,Desempregado,Não Fala Outro Idioma,Aprendizado e Aperfeiçoamento,L3-24,2025-04-20 06:00:00
leadX_463@email.com,Intermediário,Até 1.500,Superior completo,Saúde,Não Fala Outro Idioma,Morar no exterior,L2-24,2025-04-20 07:00:00
leadX_464@email.com,Iniciante,Mais de 10.000,Superior completo,Empreendedorismo,Não Fala Outro Idioma,Conquistar um emprego melhor e ganhar mais,L3-25,2025-04-20 08:00:00
leadX_465@email.com,Intermediário,Até 1.500,Pós-graduação completa,CLT,Não Fala Outro Idioma,Aprendizado e Aperfeiçoamento,L2-24,2025-04-20 09:00:00
leadX_466@email.com,Intermediário,De 5.000 a 10.000,Superior completo,Desempregado,Inglês Intermediário ou Avançado,Aprendizado e Aperfeiçoamento,L1-25,2025-04-20 10:00:00
leadX_467@email.com,Iniciante,Até 1.500,Fundamental completo,CLT,Inglês Intermediário ou Avançado,Conquistar um emprego melhor e ganhar mais,L2-25,2025-04-20 11:00:00
leadX_468@email.com,Intermediário,De 5.000 a 10.000,Pós-graduação completa,Saúde,Não Fala Outro Idioma,Intercâmbio,L2-25,2025-04-20 12:00:00
leadX_469@email.com,Avançado,De 2.500 a 5.000,Superior completo,Empreendedorismo,Não Fala Outro Idioma,Intercâmbio,L1-25,2025-04-20 13:00:00
leadX_470@email.com,Avançado,De 5.000 a 10.000,Pós-graduação completa,Empreendedorismo,Inglês Intermediário ou Avançado,Morar no exterior,L3-24,2025-04-20 14:00:00
leadX_471@email.com,Avançado,De 2.500 a 5.000,Médio completo,Desempregado,Não Fala Outro Idioma,Aprendizado e Aperfeiçoamento,L1-25,2025-04-20 15:00:00
leadX_472@email.com,Intermediário,Mais de 10.000,Pós-graduação completa,Desempregado,Inglês Intermediário ou Avançado,Aprendizado e Aperfeiçoamento,L1-24,2025-04-20 16:00:00
leadX_473@email.com,Intermediário,De 1.500 a 2.500,Fundamental completo,Saúde,Inglês Intermediário ou Avançado,Morar no exterior,L2-24,2025-04-20 17:00:00
leadX_474@email.com,Iniciante,De 2.500 a 5.000,Fundamental completo,Empreendedorismo,Inglês Intermediário ou Avançado,Aprendizado e Aperfeiçoamento,L2-25,2025-04-20 18:00:00
leadX_475@email.com,Avançado,De 5.000 a 10.000,Fundamental completo,Estudante,Inglês Intermediário ou Avançado,Conquistar um emprego melhor e ganhar mais,L2-24,2025-04-20 19:00:00
leadX_476@email.com,Iniciante,De 2.500 a 5.000,Fundamental completo,CLT,Inglês Intermediário ou Avançado,Intercâmbio,L2-25,2025-04-20 20:00:00
leadX_477@email.com,Iniciante,De 1.500 a 2.500,Pós-graduação completa,CLT,Não Fala Outro Idioma,Conquistar um emprego melhor e ganhar mais,L3-24,2025-04-20 21:00:00
leadX_478@email.com,Intermediário,De 2.500 a 5.000,Fundamental completo,Saúde,Não Fala Outro Idioma,Intercâmbio,L3-25,2025-04-20 22:00:00
leadX_479@email.com,Intermediário,De 5.000 a 10.000,Médio completo,Estudante,Não Fala Outro Idioma,Morar no exterior,L1-24,2025-04-20 23:00:00
leadX_480@email.com,Intermediário,De 1.500 a 2.500,Médio completo,Estudante,Não Fala Outro Idioma,Intercâmbio,L2-24,2025-04-21 00:00:00
leadX_481@email.com,Intermediário,Até 1.500,Pós-graduação completa,Desempregado,Não Fala Outro Idioma,Morar no exterior,L3-25,2025-04-21 01:00:00
leadX_482@email.com,Avançado,Mais de 10.000,Fundamental completo,Saúde,Inglês Intermediário ou Avançado,Aprendizado e Aperfeiçoamento,L2-25,2025-04-21 02:00:00
leadX_483@email.com,Intermediário,Mais de 10.000,Superior completo,Estudante,Não Fala Outro Idioma,Intercâmbio,L2-24,2025-04-21 03:00:00
leadX_484@email.com,Avançado,Mais de 10.000,Superior completo,Estudante,Inglês Intermediário ou Avançado,Morar no exterior,L3-25,2025-04-21 04:00:00
leadX_485@email.com,Intermediário,Mais de 10.000,Pós-graduação completa,Estudante,Não Fala Outro Idioma,Aprendizado e Aperfeiçoamento,L1-24,2025-04-21 05:00:00
leadX_486@email.com,Iniciante,Mais de 10.000,Fundamental completo,Empreendedorismo,Não Fala Outro Idioma,Conquistar um emprego melhor e ganhar mais,L1-25,2025-04-21 06:00:00
leadX_487@email.com,Intermediário,De 1.500 a 2.500,Pós-graduação completa,Desempregado,Inglês Intermediário ou Avançado,Intercâmbio,L3-24,2025-04-21 07:00:00
leadX_488@email.com,Avançado,Mais de 10.000,Superior completo,Saúde,Inglês Intermediário ou Avançado,Intercâmbio,L2-24,2025-04-21 08:00:00
leadX_489@email.com,Avançado,Até 1.500,Médio completo,Saúde,Inglês Intermediário ou Avançado,Intercâmbio,L3-24,2025-04-21 09:00:00
leadX_490@email.com,Avançado,Mais de 10.000,Superior completo,Empreendedorismo,Inglês Intermediário ou Avançado,Conquistar um emprego melhor e ganhar mais,L2-24,2025-04-21 10:00:00
leadX_491@email.com,Avançado,Mais de 10.000,Superior completo,Empreendedorismo,Não Fala Outro Idioma,Morar no exterior,L2-25,2025-04-21 11:00:00
leadX_492@email.com,Iniciante,Até 1.500,Superior completo,Estudante,Não Fala Outro Idioma,Morar no exterior,L2-25,2025-04-21 12:00:00
leadX_493@email.com,Avançado,De 2.500 a 5.000,Médio completo,Estudante,Inglês Intermediário ou Avançado,Conquistar um emprego melhor e ganhar mais,L3-24,2025-04-21 13:00:00
leadX_494@email.com,Intermediário,De 1.500 a 2.500,Fundamental completo,Estudante,Inglês Intermediário ou Avançado,Morar no exterior,L3-24,2025-04-21 14:00:00
leadX_495@email.com,Intermediário,De 2.500 a 5.000,Superior completo,Saúde,Não Fala Outro Idioma,Conquistar um emprego melhor e ganhar mais,L2-24,2025-04-21 15:00:00
leadX_496@email.com,Avançado,Até 1.500,Pós-graduação completa,Saúde,Não Fala Outro Idioma,Morar no exterior,L3-24,2025-04-21 16:00:00
leadX_497@email.com,Avançado,De 1.500 a 2.500,Médio completo,Saúde,Não Fala Outro Idioma,Conquistar um emprego melhor e ganhar mais,L1-25,2025-04-21 17:00:00
leadX_498@email.com,Avançado,De 2.500 a 5.000,Médio completo,CLT,Não Fala Outro Idioma,Aprendizado e Aperfeiçoamento,L2-25,2025-04-21 18:00:00
leadX_499@email.com,Avançado,De 2.500 a 5.000,Fundamental completo,Empreendedorismo,Não Fala Outro Idioma,Aprendizado e Aperfeiçoamento,L2-24,2025-04-21 19:00:00
